FECHA,CELDA_DE_ASENTAMIENTO,PROGRESIVA,PUNTO_FIJO_CASETA,COTA_RIO_(M.S.N.M),LECTURA_REGLETA_(M),COTA_0_REGLETA_(M),COTA_CELDA_(M.S.N.M),ASENTAMIENTO_(CM),COTA_RELLENO,MODULO_DEFORMACION_(Ε)
24/09/2019,AS-3,0+950,139.171,,0.572,140.065,140.637,-4.399999999998272,141.8,
27/09/2019,AS-3,0+950,139.171,,0.613,140.065,140.678,-0.2999999999985903,141.8,
30/09/2019,AS-3,0+950,139.171,,0.612,140.065,140.677,-0.39999999999906777,141.8,
01/10/2019,AS-3,0+950,139.171,114.958,0.611,140.065,140.676,-0.49999999999954525,142.4,
02/10/2019,AS-3,0+950,139.171,,0.612,140.065,140.677,-0.39999999999906777,142.4,
03/10/2019,AS-3,0+950,139.171,,0.612,140.065,140.677,-0.39999999999906777,142.4,
04/10/2019,AS-3,0+950,139.171,,0.611,140.065,140.676,-0.49999999999954525,142.4,
08/10/2019,AS-3,0+950,139.171,,0.602,140.065,140.667,-1.3999999999981583,142.4,
12/10/2019,AS-3,0+950,139.171,,0.604,140.065,140.669,-1.1999999999972033,142.4,
17/10/2019,AS-3,0+950,139.171,,0.616,140.065,140.681,2.8421709430404007e-12,142.4,
19/10/2019,AS-3,0+950,139.171,,0.642,140.065,140.707,2.600000000001046,142.4,
24/10/2019,AS-3,0+950,139.171,,0.642,140.065,140.707,2.600000000001046,142.4,
26/10/2019,AS-3,0+950,139.171,,0.636,140.065,140.701,2.000000000001023,142.4,
28/10/2019,AS-3,0+950,139.171,,0.635,140.065,140.7,1.9000000000005457,142.4,
29/10/2019,AS-3,0+950,139.003,,0.651,140.075,140.726,4.500000000001592,142.4,
31/10/2019,AS-3,0+950,139.003,,0.645,140.075,140.72,3.900000000001569,142.4,
01/11/2019,AS-3,0+950,139.003,,0.643,140.075,140.718,3.700000000000614,142.4,
04/11/2019,AS-3,0+950,139.003,,0.638,140.075,140.713,3.2000000000010687,142.4,
09/11/2019,AS-3,0+950,139.003,115.173,0.633,140.075,140.708,2.7000000000015234,142.4,
13/11/2019,AS-3,0+950,138.996,115.173,0.624,140.059,140.683,0.20000000000095497,142.4,
17/11/2019,AS-3,0+950,138.996,,0.623,140.059,140.682,0.10000000000047748,142.4,
20/11/2019,AS-3,0+950,138.996,,0.62,140.059,140.679,-0.1999999999981128,142.4,
25/11/2019,AS-3,0+950,138.996,,0.638,140.059,140.697,1.6000000000019554,142.4,
29/11/2019,AS-3,0+950,138.996,,0.638,140.059,140.697,1.6000000000019554,142.4,
03/12/2019,AS-3,0+950,138.996,115.803,0.63,140.059,140.689,0.8000000000009777,142.4,
07/12/2019,AS-3,0+950,138.996,,0.624,140.059,140.683,0.20000000000095497,142.4,
11/12/2019,AS-3,0+950,138.996,116.171,0.624,140.059,140.683,0.20000000000095497,142.4,
14/12/2019,AS-3,0+950,138.996,116.31,0.62,140.059,140.679,-0.1999999999981128,142.4,
18/12/2019,AS-3,0+950,139.028,,0.615,140.059,140.674,-0.699999999997658,142.4,
04/01/2020,AS-3,0+950,139.028,,0.599,140.059,140.658,-2.2999999999996135,142.4,
09/01/2020,AS-3,0+950,139.028,,0.647,140.059,140.706,2.5000000000005684,142.4,
13/01/2020,AS-3,0+950,139.028,117.135,0.644,140.059,140.703,2.200000000001978,142.4,
17/01/2020,AS-3,0+950,139.028,,0.64,140.059,140.69899999999998,1.8000000000000682,142.4,
21/01/2020,AS-3,0+950,139.028,117.311,0.641,140.059,140.7,1.9000000000005457,142.4,
25/01/2020,AS-3,0+950,139.028,,0.641,140.059,140.7,1.9000000000005457,142.4,
29/01/2020,AS-3,0+950,139.028,117.528,0.624,140.059,140.683,0.20000000000095497,142.4,
10/02/2020,AS-3,0+950,138.994,,0.573,140.2,140.773,9.200000000001296,142.4,
14/02/2020,AS-3,0+950,138.994,,0.652,140.054,140.706,2.5000000000005684,142.4,
18/02/2020,AS-3,0+950,138.994,,0.616,140.054,140.67000000000002,-1.0999999999967258,142.4,
22/02/2020,AS-3,0+950,138.994,,0.614,140.054,140.668,-1.2999999999976808,142.4,
26/02/2020,AS-3,0+950,138.994,117.808,0.617,140.054,140.671,-0.9999999999990905,142.4,
01/03/2020,AS-3,0+950,138.994,,0.604,140.054,140.65800000000002,-2.2999999999967713,143.0,
06/03/2020,AS-3,0+950,138.994,,0.619,140.054,140.673,-0.7999999999981355,143.0,
13/03/2020,AS-3,0+950,138.994,118.05,0.595,140.054,140.649,-3.1999999999982265,143.0,
22/03/2020,AS-3,0+950,138.994,,0.591,140.054,140.645,-3.5999999999972943,143.0,
26/03/2020,AS-3,0+950,138.994,,0.631,140.054,140.685,0.40000000000190994,143.0,
01/04/2020,AS-3,0+950,138.994,,0.554,140.054,140.608,-7.299999999997908,146.6,
11/04/2020,AS-3,0+950,138.994,,0.61,140.054,140.66400000000002,-1.6999999999967486,146.6,
20/04/2020,AS-3,0+950,138.981,117.807,0.574,140.047,140.621,-5.999999999997385,146.6,
07/05/2020,AS-3,0+950,138.981,117.621,0.644,140.047,140.691,1.0000000000019327,146.6,
14/05/2020,AS-3,0+950,138.981,117.437,0.602,140.047,140.649,-3.1999999999982265,146.6,
22/05/2020,AS-3,0+950,138.981,117.286,0.605,140.047,140.652,-2.899999999999636,146.6,
28/05/2020,AS-3,0+950,138.98,117.286,0.547,140.049,140.596,-8.499999999997954,146.6,
30/05/2020,AS-3,0+950,138.98,117.213,0.573,140.049,140.622,-5.899999999996908,146.6,
01/06/2020,AS-3,0+950,138.98,117.213,0.559,140.049,140.608,-7.299999999997908,147.8,
02/06/2020,AS-3,0+950,138.98,117.213,0.585,140.049,140.63400000000001,-4.699999999996862,147.8,
05/06/2020,AS-3,0+950,138.98,117.213,0.613,140.049,140.662,-1.8999999999977035,147.8,
06/06/2020,AS-3,0+950,138.98,117.213,0.605,140.049,140.654,-2.6999999999986812,147.8,
09/06/2020,AS-3,0+950,138.98,117.205,0.605,140.049,140.654,-2.6999999999986812,147.8,
12/06/2020,AS-3,0+950,138.98,117.205,0.606,140.052,140.658,-2.2999999999996135,147.8,
15/06/2020,AS-3,0+950,138.98,117.045,0.604,140.049,140.65300000000002,-2.7999999999963165,148.85,
16/10/2020,AS-3,0+950,138.73,114.915,0.458,140.185,140.643,-3.7999999999982492,149.0,
18/10/2020,AS-3,0+950,138.73,114.915,0.455,140.185,140.64000000000001,-4.0999999999968395,149.0,
19/10/2020,AS-3,0+950,138.73,,0.451,140.185,140.636,-4.4999999999987494,149.0,
20/10/2020,AS-3,0+950,138.73,114.423,0.456,140.185,140.641,-3.999999999999204,149.0,
15/05/2021,AS-3,0+950,138.748,117.505,0.441,140.16,140.601,-7.999999999998408,149.0,
26/05/2021,AS-3,0+950,138.748,117.394,0.439,140.159,140.59799999999998,-8.29999999999984,149.0,
03/06/2021,AS-3,0+950,138.748,117.394,0.44,140.16,140.6,-8.099999999998886,149.0,
07/06/2021,AS-3,0+950,138.748,116.853,0.441,140.16,140.601,-7.999999999998408,149.0,
21/06/2021,AS-3,0+950,138.748,116.689,0.436,140.16,140.596,-8.499999999997954,149.0,
29/06/2021,AS-3,0+950,138.748,116.552,0.438,140.155,140.593,-8.799999999999386,149.0,
15/07/2021,AS-3,0+950,138.748,116.077,0.472,140.155,140.627,-5.3999999999973625,149.0,
07/08/2021,AS-3,0+950,138.748,116.018,0.466,140.159,140.625,-5.599999999998317,149.0,
15/08/2021,AS-3,0+950,138.748,115.936,0.467,140.159,140.626,-5.49999999999784,149.0,
21/08/2021,AS-3,0+950,138.748,,0.47,140.159,140.629,-5.19999999999925,149.0,
28/08/2021,AS-3,0+950,138.748,,0.463,140.159,140.62199999999999,-5.89999999999975,149.0,
01/09/2021,AS-3,0+950,138.748,115.14,0.455,140.159,140.614,-6.699999999997885,149.0,
16/09/2021,AS-3,0+950,138.748,115.019,0.47,140.159,140.629,-5.19999999999925,149.0,
27/09/2021,AS-3,0+950,138.748,114.781,0.473,140.159,140.632,-4.899999999997817,149.0,
09/10/2021,AS-3,0+950,138.748,114.888,0.47,140.158,140.628,-5.299999999999727,149.0,
14/10/2021,AS-3,0+950,138.748,114.621,0.471,140.159,140.63,-5.099999999998772,149.0,
18/10/2021,AS-3,0+950,138.748,114.651,0.47,140.159,140.629,-5.19999999999925,149.0,
31/10/2021,AS-3,0+950,138.748,115.046,0.477,140.159,140.636,-4.4999999999987494,149.0,
02/11/2021,AS-3,0+950,138.748,115.046,0.474,140.159,140.63299999999998,-4.800000000000182,149.0,
09/11/2021,AS-3,0+950,138.748,115.629,0.474,140.159,140.63299999999998,-4.800000000000182,149.0,
17/11/2021,AS-3,0+950,138.748,115.744,0.468,140.158,140.62599999999998,-5.500000000000682,149.0,
24/11/2021,AS-3,0+950,138.748,115.871,0.47,140.158,140.628,-5.299999999999727,149.0,
30/11/2021,AS-3,0+950,138.748,115.981,0.474,140.158,140.63199999999998,-4.900000000000659,149.0,
03/12/2021,AS-3,0+950,138.748,116.068,0.474,140.157,140.631,-4.999999999998295,149.0,
11/12/2021,AS-3,0+950,138.748,,0.476,140.157,140.633,-4.79999999999734,149.0,
18/01/2022,AS-3,0+950,138.748,,0.468,140.157,140.625,-5.599999999998317,149.0,
27/01/2022,AS-3,0+950,138.748,,0.475,140.157,140.632,-4.899999999997817,149.0,
04/02/2022,AS-3,0+950,138.748,,0.463,140.157,140.62,-6.099999999997863,149.0,
11/02/2022,AS-3,0+950,138.748,,0.468,140.157,140.625,-5.599999999998317,149.0,
19/02/2022,AS-3,0+950,138.748,117.602,0.465,140.157,140.622,-5.899999999996908,149.0,
25/02/2022,AS-3,0+950,138.748,117.602,0.465,140.157,140.622,-5.899999999996908,149.0,
05/03/2022,AS-3,0+950,138.748,117.164,0.466,140.159,140.625,-5.599999999998317,149.0,
11/03/2022,AS-3,0+950,138.748,117.109,0.463,140.159,140.62199999999999,-5.89999999999975,149.0,
18/03/2022,AS-3,0+950,138.748,117.075,0.46,140.159,140.619,-6.19999999999834,149.0,
25/03/2022,AS-3,0+950,138.748,117.031,0.468,140.157,140.625,-5.599999999998317,149.0,
05/04/2022,AS-3,0+950,138.748,116.875,0.46,140.157,140.61700000000002,-6.399999999996453,149.0,
11/04/2022,AS-3,0+950,138.748,116.697,0.462,140.159,140.62099999999998,-6.000000000000227,149.0,
20/04/2022,AS-3,0+950,138.748,116.679,0.468,140.159,140.62699999999998,-5.400000000000205,149.0,
25/04/2022,AS-3,0+950,138.748,,0.46,140.159,140.619,-6.19999999999834,149.0,
05/05/2022,AS-3,0+950,138.748,116.404,0.464,140.159,140.623,-5.799999999999272,149.0,
11/05/2022,AS-3,0+950,138.748,116.254,0.462,140.155,140.617,-6.399999999999295,149.0,
17/05/2022,AS-3,0+950,138.748,116.171,0.462,140.155,140.617,-6.399999999999295,149.0,
24/05/2022,AS-3,0+950,138.748,116.171,0.46,140.155,140.615,-6.599999999997408,149.0,
30/05/2022,AS-3,0+950,138.748,115.942,0.464,140.155,140.619,-6.19999999999834,149.0,
05/06/2022,AS-3,0+950,138.748,115.747,0.462,140.157,140.619,-6.19999999999834,149.0,
10/06/2022,AS-3,0+950,138.748,,0.462,140.157,140.619,-6.19999999999834,149.0,
19/06/2022,AS-3,0+950,138.739,115.555,0.46,140.152,140.612,-6.89999999999884,149.0,
24/06/2022,AS-3,0+950,138.739,115.387,0.462,140.152,140.61399999999998,-6.700000000000728,149.0,
01/07/2022,AS-3,0+950,138.739,115.304,0.462,140.152,140.61399999999998,-6.700000000000728,149.0,
09/07/2022,AS-3,0+950,138.739,115.108,0.46,140.15,140.61,-7.099999999996953,149.0,
17/07/2022,AS-3,0+950,138.739,,0.46,140.15,140.61,-7.099999999996953,149.0,
28/07/2022,AS-3,0+950,138.739,114.667,0.462,140.15,140.612,-6.89999999999884,149.0,
05/08/2022,AS-3,0+950,138.739,114.191,0.462,140.154,140.61599999999999,-6.499999999999773,149.0,
13/08/2022,AS-3,0+950,138.739,114.139,0.462,140.154,140.61599999999999,-6.499999999999773,149.0,
19/08/2022,AS-3,0+950,138.739,114.136,0.465,140.154,140.619,-6.19999999999834,149.0,
29/08/2022,AS-3,0+950,138.739,114.136,0.466,140.154,140.62,-6.099999999997863,149.0,
23/02/2023,AS-3,0+950,138.739,116.755,0.464,140.154,140.618,-6.299999999998818,149.0,
11/03/2023,AS-3,0+950,138.739,,0.464,140.154,140.618,-6.299999999998818,149.0,
17/03/2023,AS-3,0+950,138.753,116.743,0.462,140.162,140.624,-5.699999999998795,149.0,
26/03/2023,AS-3,0+950,138.753,116.526,0.463,140.162,140.625,-5.599999999998317,149.0,
31/03/2023,AS-3,0+950,138.753,,0.462,140.162,140.624,-5.699999999998795,149.0,
03/04/2023,AS-3,0+950,138.753,116.536,0.463,140.162,140.625,-5.599999999998317,149.0,
09/04/2023,AS-3,0+950,138.753,116.374,0.46,140.162,140.622,-5.899999999996908,149.0,
15/04/2023,AS-3,0+950,138.753,116.266,0.46,140.16,140.62,-6.099999999997863,149.0,
23/04/2023,AS-3,0+950,138.753,116.266,0.463,140.16,140.623,-5.799999999999272,149.0,
09/05/2023,AS-3,0+950,138.753,,0.46,140.16,140.62,-6.099999999997863,149.0,
27/05/2023,AS-3,0+950,138.753,115.969,0.457,140.163,140.62,-6.099999999997863,149.0,
03/06/2023,AS-3,0+950,138.753,115.73,0.457,140.163,140.62,-6.099999999997863,149.0,
09/06/2023,AS-3,0+950,138.753,115.647,0.457,140.163,140.62,-6.099999999997863,149.0,
16/06/2023,AS-3,0+950,138.753,,0.456,140.163,140.619,-6.19999999999834,149.0,
23/06/2023,AS-3,0+950,138.753,115.565,0.456,140.163,140.619,-6.19999999999834,149.0,
30/06/2023,AS-3,0+950,138.753,115.354,0.457,140.163,140.62,-6.099999999997863,149.0,
08/07/2023,AS-3,0+950,138.753,115.156,0.456,140.163,140.619,-6.19999999999834,149.0,
14/07/2023,AS-3,0+950,138.753,115.008,0.457,140.163,140.62,-6.099999999997863,149.0,
30/07/2023,AS-3,0+950,138.741,114.831,0.459,140.161,140.62,-6.099999999997863,149.0,
14/08/2023,AS-3,0+950,138.741,114.629,0.457,140.151,140.608,-7.299999999997908,149.0,
23/08/2023,AS-3,0+950,138.741,114.391,0.457,140.151,140.608,-7.299999999997908,149.0,
04/09/2023,AS-3,0+950,138.741,114.309,0.458,140.151,140.609,-7.199999999997431,149.0,
09/09/2023,AS-3,0+950,138.741,114.309,0.459,140.151,140.61,-7.099999999996953,149.0,
15/09/2023,AS-3,0+950,138.741,114.309,0.459,140.151,140.61,-7.099999999996953,149.0,
24/09/2023,AS-3,0+950,138.741,114.131,0.461,140.15,140.61100000000002,-6.999999999996476,149.0,
03/10/2023,AS-3,0+950,138.741,114.069,0.463,140.15,140.613,-6.799999999998363,149.0,
09/10/2023,AS-3,0+950,138.741,114.1,0.46,140.15,140.61,-7.099999999996953,149.0,
16/10/2023,AS-3,0+950,138.741,114.18,0.461,140.15,140.61100000000002,-6.999999999996476,149.0,
29/10/2023,AS-3,0+950,138.739,114.254,0.461,140.15,140.61100000000002,-6.999999999996476,149.0,
03/11/2023,AS-3,0+950,138.739,114.306,0.464,140.149,140.613,-6.799999999998363,149.0,
10/11/2023,AS-3,0+950,138.739,114.306,0.461,140.149,140.61,-7.099999999996953,149.0,
17/11/2023,AS-3,0+950,138.739,114.328,0.462,140.149,140.611,-6.999999999999318,149.0,
24/09/2019,AS-4,0+950,139.171,,0.546,139.86,140.406,-0.2999999999985903,141.8,
27/09/2019,AS-4,0+950,,,0.567,139.86,140.42700000000002,1.8000000000029104,141.8,
30/09/2019,AS-4,0+950,,,0.567,139.86,140.42700000000002,1.8000000000029104,141.8,
01/10/2019,AS-4,0+950,,114.958,0.566,139.86,140.42600000000002,1.700000000002433,142.4,
02/10/2019,AS-4,0+950,,,0.563,139.86,140.423,1.4000000000010004,142.4,
03/10/2019,AS-4,0+950,,,0.559,139.86,140.419,1.0000000000019327,142.4,
04/10/2019,AS-4,0+950,,,0.558,139.86,140.418,0.9000000000014552,142.4,
08/10/2019,AS-4,0+950,,,0.551,139.86,140.411,0.20000000000095497,142.4,
12/10/2019,AS-4,0+950,,,0.552,139.86,140.412,0.30000000000143245,142.4,
17/10/2019,AS-4,0+950,,,0.574,139.86,140.43400000000003,2.5000000000034106,142.4,
19/10/2019,AS-4,0+950,,,0.582,139.86,140.442,3.300000000001546,142.4,
24/10/2019,AS-4,0+950,,,0.577,139.86,140.437,2.800000000002001,142.4,
26/10/2019,AS-4,0+950,,,0.574,139.86,140.43400000000003,2.5000000000034106,142.4,
28/10/2019,AS-4,0+950,,,0.574,139.86,140.43400000000003,2.5000000000034106,142.4,
29/10/2019,AS-4,0+950,139.003,,0.583,139.872,140.455,4.600000000002069,142.4,
31/10/2019,AS-4,0+950,,,0.58,139.872,140.45200000000003,4.300000000003479,142.4,
01/11/2019,AS-4,0+950,,,0.581,139.872,140.453,4.400000000001114,142.4,
04/11/2019,AS-4,0+950,,,0.576,139.872,140.448,3.900000000001569,142.4,
09/11/2019,AS-4,0+950,,115.173,0.573,139.872,140.44500000000002,3.6000000000029786,142.4,
13/11/2019,AS-4,0+950,138.996,115.173,0.57,139.852,140.422,1.300000000000523,142.4,
17/11/2019,AS-4,0+950,,,0.566,139.852,140.418,0.9000000000014552,142.4,
20/11/2019,AS-4,0+950,,,0.564,139.852,140.416,0.7000000000005002,142.4,
25/11/2019,AS-4,0+950,,,0.577,139.852,140.429,2.000000000001023,142.4,
29/11/2019,AS-4,0+950,,,0.575,139.852,140.427,1.8000000000000682,142.4,
03/12/2019,AS-4,0+950,,115.803,0.572,139.852,140.424,1.500000000001478,142.4,
07/12/2019,AS-4,0+950,,,0.566,139.852,140.418,0.9000000000014552,142.4,
11/12/2019,AS-4,0+950,,116.171,0.566,139.852,140.418,0.9000000000014552,142.4,
14/12/2019,AS-4,0+950,,116.31,0.565,139.852,140.417,0.8000000000009777,142.4,
18/12/2019,AS-4,0+950,139.028,,0.561,139.852,140.413,0.40000000000190994,142.4,
04/01/2020,AS-4,0+950,,,0.548,139.852,140.4,-0.899999999998613,142.4,
09/01/2020,AS-4,0+950,,,0.58,139.852,140.43200000000002,2.3000000000024556,142.4,
13/01/2020,AS-4,0+950,,117.135,0.576,139.852,140.428,1.9000000000005457,142.4,
17/01/2020,AS-4,0+950,,,0.574,139.852,140.42600000000002,1.700000000002433,142.4,
21/01/2020,AS-4,0+950,,117.311,0.571,139.852,140.423,1.4000000000010004,142.4,
25/01/2020,AS-4,0+950,,,0.571,139.852,140.423,1.4000000000010004,142.4,
29/01/2020,AS-4,0+950,,117.528,0.57,139.852,140.422,1.300000000000523,142.4,
10/02/2020,AS-4,0+950,138.994,,0.526,139.848,140.37400000000002,-3.4999999999968168,142.4,
14/02/2020,AS-4,0+950,,,0.576,139.848,140.424,1.500000000001478,142.4,
18/02/2020,AS-4,0+950,,,0.576,139.848,140.424,1.500000000001478,142.4,
22/02/2020,AS-4,0+950,,,0.572,139.848,140.42000000000002,1.1000000000024102,142.4,
26/02/2020,AS-4,0+950,,117.808,0.576,139.848,140.424,1.500000000001478,142.4,
01/03/2020,AS-4,0+950,,,0.542,139.848,140.39000000000001,-1.8999999999977035,143.0,
06/03/2020,AS-4,0+950,,,0.556,139.848,140.40400000000002,-0.4999999999967031,143.0,
13/03/2020,AS-4,0+950,,118.05,0.536,139.848,140.38400000000001,-2.4999999999977263,143.0,
22/03/2020,AS-4,0+950,,,0.541,139.848,140.389,-1.999999999998181,143.0,
26/03/2020,AS-4,0+950,,,0.559,139.848,140.407,-0.1999999999981128,143.0,
01/04/2020,AS-4,0+950,,,0.51,139.848,140.358,-5.099999999998772,146.6,
11/04/2020,AS-4,0+950,,,0.557,139.848,140.405,-0.39999999999906777,146.6,
20/04/2020,AS-4,0+950,138.981,117.807,0.534,139.842,140.376,-3.299999999998704,146.6,
07/05/2020,AS-4,0+950,,117.621,0.551,139.842,140.393,-1.5999999999991132,146.6,
14/05/2020,AS-4,0+950,,117.437,0.544,139.842,140.38600000000002,-2.2999999999967713,146.6,
22/05/2020,AS-4,0+950,,117.286,0.556,139.842,140.39800000000002,-1.0999999999967258,146.6,
28/05/2020,AS-4,0+950,,117.286,0.495,139.842,140.33700000000002,-7.199999999997431,146.6,
30/05/2020,AS-4,0+950,,117.213,0.534,139.842,140.376,-3.299999999998704,146.6,
01/06/2020,AS-4,0+950,,117.213,0.602,139.842,140.44400000000002,3.500000000002501,147.8,
02/06/2020,AS-4,0+950,,117.213,0.545,139.842,140.387,-2.199999999999136,147.8,
05/06/2020,AS-4,0+950,,117.213,0.551,139.842,140.393,-1.5999999999991132,147.8,
06/06/2020,AS-4,0+950,,117.213,0.547,139.842,140.389,-1.999999999998181,147.8,
09/06/2020,AS-4,0+950,,117.205,0.543,139.842,140.38500000000002,-2.399999999997249,147.8,
12/06/2020,AS-4,0+950,,117.205,0.543,139.848,140.39100000000002,-1.799999999997226,147.8,
15/06/2020,AS-4,0+950,138.98,117.045,0.545,139.844,140.38899999999998,-2.000000000001023,149.59,
16/10/2020,AS-4,0+950,138.73,114.915,0.489,139.903,140.392,-1.6999999999995907,155.0,
18/10/2020,AS-4,0+950,,114.915,0.489,139.903,140.392,-1.6999999999995907,155.0,
19/10/2020,AS-4,0+950,,,0.487,139.903,140.39,-1.9000000000005457,155.0,
20/10/2020,AS-4,0+950,,114.423,0.489,139.903,140.392,-1.6999999999995907,155.56,
15/05/2021,AS-4,0+950,138.748,117.505,0.465,139.877,140.342,-6.699999999997885,155.56,
26/05/2021,AS-4,0+950,138.748,117.394,0.45,139.878,140.32799999999997,-8.100000000001728,155.56,
03/06/2021,AS-4,0+950,138.748,117.394,0.45,139.878,140.32799999999997,-8.100000000001728,155.56,
07/06/2021,AS-4,0+950,138.748,116.853,0.45,139.878,140.32799999999997,-8.100000000001728,155.56,
21/06/2021,AS-4,0+950,138.748,116.689,0.45,139.878,140.32799999999997,-8.100000000001728,155.56,
29/06/2021,AS-4,0+950,138.748,116.552,0.45,139.874,140.32399999999998,-8.500000000000796,155.56,
15/07/2021,AS-4,0+950,138.748,116.552,0.487,139.874,140.361,-4.800000000000182,155.56,
07/08/2021,AS-4,0+950,138.748,116.018,0.491,139.878,140.369,-3.999999999999204,155.56,
15/08/2021,AS-4,0+950,138.748,115.936,0.492,139.878,140.36999999999998,-3.900000000001569,155.56,
21/08/2021,AS-4,0+950,138.748,,0.491,139.878,140.369,-3.999999999999204,155.56,
28/08/2021,AS-4,0+950,,,0.483,139.878,140.361,-4.800000000000182,155.56,
01/09/2021,AS-4,0+950,138.748,115.14,0.489,139.878,140.367,-4.200000000000159,155.56,
16/09/2021,AS-4,0+950,138.748,115.019,0.496,139.878,140.374,-3.499999999999659,155.56,
27/09/2021,AS-4,0+950,138.748,114.781,0.491,139.878,140.369,-3.999999999999204,155.56,
09/10/2021,AS-4,0+950,138.748,114.888,0.492,139.878,140.36999999999998,-3.900000000001569,155.56,
14/10/2021,AS-4,0+950,138.748,114.621,0.491,139.878,140.369,-3.999999999999204,155.56,
18/10/2021,AS-4,0+950,138.748,114.651,0.492,139.878,140.36999999999998,-3.900000000001569,155.56,
31/10/2021,AS-4,0+950,138.748,115.046,0.49,139.877,140.36700000000002,-4.199999999997317,155.56,
02/11/2021,AS-4,0+950,138.748,115.046,0.491,139.877,140.36800000000002,-4.0999999999968395,155.56,
09/11/2021,AS-4,0+950,138.748,115.629,0.491,139.874,140.365,-4.399999999998272,155.56,
17/11/2021,AS-4,0+950,138.748,115.744,0.49,139.876,140.366,-4.2999999999977945,155.56,
24/11/2021,AS-4,0+950,138.748,115.871,0.489,139.876,140.365,-4.399999999998272,155.56,
30/11/2021,AS-4,0+950,138.748,115.981,0.49,139.875,140.365,-4.399999999998272,155.56,
03/12/2021,AS-4,0+950,138.748,116.068,0.49,139.876,140.366,-4.2999999999977945,155.56,
11/12/2021,AS-4,0+950,,,0.489,139.876,140.365,-4.399999999998272,155.56,
18/01/2022,AS-4,0+950,,,0.483,139.876,140.359,-4.999999999998295,155.56,
27/01/2022,AS-4,0+950,,,0.485,139.876,140.36100000000002,-4.79999999999734,155.56,
04/02/2022,AS-4,0+950,,,0.482,139.876,140.358,-5.099999999998772,155.56,
11/02/2022,AS-4,0+950,,,0.482,139.876,140.358,-5.099999999998772,155.56,
19/02/2022,AS-4,0+950,,117.602,0.481,139.876,140.357,-5.19999999999925,155.56,
25/02/2022,AS-4,0+950,,117.602,0.481,139.876,140.357,-5.19999999999925,155.56,
05/03/2022,AS-4,0+950,138.748,117.164,0.48,139.873,140.35299999999998,-5.60000000000116,155.56,
11/03/2022,AS-4,0+950,138.748,117.109,0.478,139.873,140.351,-5.799999999999272,155.56,
18/03/2022,AS-4,0+950,138.748,117.075,0.478,139.878,140.356,-5.299999999999727,155.56,
25/03/2022,AS-4,0+950,138.748,117.031,0.479,139.876,140.35500000000002,-5.3999999999973625,155.56,
05/04/2022,AS-4,0+950,138.748,116.875,0.479,139.876,140.35500000000002,-5.3999999999973625,155.56,
11/04/2022,AS-4,0+950,138.748,116.697,0.478,139.878,140.356,-5.299999999999727,155.56,
20/04/2022,AS-4,0+950,138.748,116.679,0.479,139.878,140.357,-5.19999999999925,155.56,
25/04/2022,AS-4,0+950,138.748,,0.476,139.878,140.35399999999998,-5.500000000000682,155.56,
05/05/2022,AS-4,0+950,138.748,116.404,0.477,139.878,140.355,-5.400000000000205,155.56,
11/05/2022,AS-4,0+950,138.748,116.254,0.475,139.874,140.349,-6.000000000000227,155.56,
17/05/2022,AS-4,0+950,138.748,116.171,0.475,139.874,140.349,-6.000000000000227,155.56,
24/05/2022,AS-4,0+950,138.748,116.171,0.475,139.874,140.349,-6.000000000000227,155.56,
30/05/2022,AS-4,0+950,138.748,115.942,0.475,139.874,140.349,-6.000000000000227,155.56,
05/06/2022,AS-4,0+950,138.748,115.747,0.475,139.876,140.351,-5.799999999999272,155.56,
10/06/2022,AS-4,0+950,,,0.475,139.876,140.351,-5.799999999999272,155.56,
19/06/2022,AS-4,0+950,138.739,115.555,0.474,139.871,140.345,-6.399999999999295,155.56,
24/06/2022,AS-4,0+950,138.739,115.387,0.475,139.871,140.346,-6.299999999998818,155.56,
01/07/2022,AS-4,0+950,,115.304,0.475,139.871,140.346,-6.299999999998818,155.56,
09/07/2022,AS-4,0+950,138.739,115.108,0.474,139.868,140.34199999999998,-6.700000000000728,155.56,
17/07/2022,AS-4,0+950,138.739,,0.475,139.868,140.343,-6.60000000000025,155.56,
28/07/2022,AS-4,0+950,138.739,114.667,0.475,139.868,140.343,-6.60000000000025,155.56,
05/08/2022,AS-4,0+950,138.739,114.191,0.475,139.87,140.345,-6.399999999999295,155.56,
13/08/2022,AS-4,0+950,138.739,114.139,0.475,139.87,140.345,-6.399999999999295,155.56,
19/08/2022,AS-4,0+950,138.739,114.136,0.478,139.87,140.348,-6.099999999997863,155.56,
29/08/2022,AS-4,0+950,138.739,114.136,0.472,139.87,140.342,-6.699999999997885,155.56,
23/02/2023,AS-4,0+950,,116.755,0.468,139.87,140.338,-7.099999999999795,155.56,
11/03/2023,AS-4,0+950,,,0.462,139.87,140.332,-7.699999999999818,155.56,
17/03/2023,AS-4,0+950,138.753,116.743,0.465,139.88,140.345,-6.399999999999295,155.56,
26/03/2023,AS-4,0+950,138.753,116.526,0.464,139.88,140.344,-6.499999999999773,155.56,
31/03/2023,AS-4,0+950,138.753,,0.463,139.88,140.343,-6.60000000000025,155.56,
03/04/2023,AS-4,0+950,138.753,116.536,0.465,139.88,140.345,-6.399999999999295,155.56,
09/04/2023,AS-4,0+950,138.753,116.374,0.462,139.88,140.34199999999998,-6.700000000000728,155.56,
15/04/2023,AS-4,0+950,138.753,116.266,0.462,139.878,140.33999999999997,-6.900000000001683,155.56,
23/04/2023,AS-4,0+950,138.753,116.266,0.464,139.878,140.34199999999998,-6.700000000000728,155.56,
09/05/2023,AS-4,0+950,,,0.46,139.878,140.338,-7.099999999999795,155.56,
27/05/2023,AS-4,0+950,138.753,115.969,0.459,139.881,140.34,-6.89999999999884,155.56,
03/06/2023,AS-4,0+950,138.753,115.73,0.459,139.881,140.34,-6.89999999999884,155.56,
09/06/2023,AS-4,0+950,138.753,115.647,0.459,139.881,140.34,-6.89999999999884,155.56,
16/06/2023,AS-4,0+950,138.753,,0.458,139.881,140.339,-6.999999999999318,155.56,
23/06/2023,AS-4,0+950,138.753,115.565,0.459,139.881,140.34,-6.89999999999884,155.56,
30/06/2023,AS-4,0+950,138.753,115.354,0.459,139.881,140.34,-6.89999999999884,155.56,
08/07/2023,AS-4,0+950,138.753,115.156,0.46,139.881,140.341,-6.799999999998363,155.56,
14/07/2023,AS-4,0+950,138.753,115.008,0.46,139.881,140.341,-6.799999999998363,155.56,
30/07/2023,AS-4,0+950,138.741,114.831,0.46,139.879,140.339,-6.999999999999318,155.56,
14/08/2023,AS-4,0+950,138.741,114.629,0.462,139.869,140.331,-7.800000000000296,155.56,
23/08/2023,AS-4,0+950,138.741,114.391,0.462,139.869,140.331,-7.800000000000296,155.56,
04/09/2023,AS-4,0+950,138.741,114.309,0.46,139.87,140.33,-7.899999999997931,155.56,
09/09/2023,AS-4,0+950,138.741,,0.461,139.87,140.33100000000002,-7.799999999997453,155.56,
15/09/2023,AS-4,0+950,138.741,114.309,0.461,139.87,140.33100000000002,-7.799999999997453,155.56,
24/09/2023,AS-4,0+950,138.741,114.131,0.462,139.869,140.331,-7.800000000000296,155.56,
03/10/2023,AS-4,0+950,138.741,114.069,0.464,139.869,140.333,-7.599999999999341,155.56,
09/10/2023,AS-4,0+950,138.741,114.1,0.461,139.869,140.33,-7.899999999997931,155.56,
16/10/2023,AS-4,0+950,138.741,114.18,0.461,139.869,140.33,-7.899999999997931,155.56,
29/10/2023,AS-4,0+950,138.739,114.254,0.461,139.869,140.33,-7.899999999997931,155.56,
03/11/2023,AS-4,0+950,138.739,114.306,0.464,139.868,140.332,-7.699999999999818,155.56,
10/11/2023,AS-4,0+950,138.739,114.328,0.461,139.868,140.329,-7.999999999998408,155.56,
17/11/2023,AS-4,0+950,138.739,114.328,0.462,139.868,140.32999999999998,-7.900000000000773,155.56,
07/04/2019,AS-5,0+950,,,0.96,121.225,122.18499999999999,-0.5000000000023874,134.0,
13/04/2019,AS-5,0+950,,,0.909,121.225,122.134,-5.60000000000116,134.0,
25/04/2019,AS-5,0+950,,,0.895,121.225,122.11999999999999,-7.00000000000216,134.0,
27/04/2019,AS-5,0+950,,,0.897,121.225,122.122,-6.800000000001205,134.0,
04/05/2019,AS-5,0+950,,,0.878,121.225,122.103,-8.70000000000175,136.4,
07/05/2019,AS-5,0+950,118.776,117.493,0.834,121.265,122.099,-9.100000000000819,136.4,
25/05/2019,AS-5,0+950,,,0.558,121.265,121.82300000000001,-36.70000000000044,136.4,
27/05/2019,AS-5,0+950,,,0.292,121.265,121.557,-63.30000000000098,136.4,
31/05/2019,AS-5,0+950,,117.298,0.345,121.265,121.61,-58.00000000000125,136.4,
04/06/2019,AS-5,0+950,,,0.38,121.265,121.645,-54.50000000000159,139.4,
08/06/2019,AS-5,0+950,,,0.4,121.265,121.665,-52.50000000000057,139.4,
18/06/2019,AS-5,0+950,,,0.443,121.265,121.708,-48.20000000000135,139.4,
22/06/2019,AS-5,0+950,,,0.431,121.265,121.696,-49.4000000000014,139.4,
25/06/2019,AS-5,0+950,118.748,116.701,0.473,121.235,121.708,-48.20000000000135,139.4,
30/06/2019,AS-5,0+950,,,0.235,121.235,121.47,-72.00000000000131,139.4,
02/07/2019,AS-5,0+950,,116.527,0.345,121.235,121.58,-61.000000000001364,139.4,
05/07/2019,AS-5,0+950,,,0.385,121.235,121.62,-57.00000000000074,139.4,
06/07/2019,AS-5,0+950,,,0.382,121.235,121.617,-57.30000000000075,139.4,
12/07/2019,AS-5,0+950,,116.354,0.324,121.235,121.559,-63.100000000001444,139.4,
16/07/2019,AS-5,0+950,,116.255,0.348,121.235,121.583,-60.70000000000135,139.4,
20/07/2019,AS-5,0+950,118.738,,0.385,121.23,121.61500000000001,-57.500000000000284,139.4,
23/07/2019,AS-5,0+950,,115.983,0.572,121.23,121.802,-38.80000000000052,139.4,
27/07/2019,AS-5,0+950,,115.915,0.478,121.23,121.708,-48.20000000000135,139.4,
30/07/2019,AS-5,0+950,,115.862,0.424,121.23,121.65400000000001,-53.600000000000136,139.4,
03/08/2019,AS-5,0+950,,,0.424,121.23,121.65400000000001,-53.600000000000136,140.0,
06/08/2019,AS-5,0+950,,,0.351,121.23,121.581,-60.90000000000089,140.0,
11/08/2019,AS-5,0+950,,,0.455,121.23,121.685,-50.500000000000966,140.0,
16/08/2019,AS-5,0+950,,115.68,0.534,121.23,121.76400000000001,-42.60000000000019,140.0,
19/08/2019,AS-5,0+950,,,0.571,121.23,121.801,-38.900000000001,140.0,
23/08/2019,AS-5,0+950,,115.507,0.693,121.23,121.923,-26.700000000001012,140.0,
31/08/2019,AS-5,0+950,,,0.674,121.23,121.90400000000001,-28.600000000000136,140.0,
05/09/2019,AS-5,0+950,,,0.553,121.23,121.783,-40.70000000000107,141.8,
06/09/2019,AS-5,0+950,,,0.569,121.23,121.799,-39.100000000000534,141.8,
07/09/2019,AS-5,0+950,,,0.569,121.23,121.799,-39.100000000000534,141.8,
08/09/2019,AS-5,0+950,,115.021,0.0,121.23,121.23,-96.0000000000008,141.8,
09/09/2019,AS-5,0+950,,,0.945,121.23,122.175,-1.500000000001478,141.8,
10/09/2019,AS-5,0+950,,,0.885,121.23,122.11500000000001,-7.500000000000284,141.8,
11/09/2019,AS-5,0+950,,,0.93,121.23,122.16000000000001,-3.0000000000001137,141.8,
12/09/2019,AS-5,0+950,,,0.838,121.23,122.068,-12.20000000000141,141.8,
13/09/2019,AS-5,0+950,118.732,,0.935,121.22,122.155,-3.50000000000108,141.8,
14/09/2019,AS-5,0+950,,,0.937,121.22,122.157,-3.300000000001546,141.8,
15/09/2019,AS-5,0+950,,,0.797,121.22,122.017,-17.300000000001603,141.8,
16/09/2019,AS-5,0+950,,,0.809,121.22,122.029,-16.100000000001558,141.8,
19/09/2019,AS-5,0+950,,,0.905,121.22,122.125,-6.500000000001194,141.8,
24/09/2019,AS-5,0+950,,,0.767,121.22,121.987,-20.300000000001717,141.8,
27/09/2019,AS-5,0+950,,,0.826,121.22,122.04599999999999,-14.400000000001967,141.8,
30/09/2019,AS-5,0+950,,,0.836,121.22,122.056,-13.400000000001455,141.8,
01/10/2019,AS-5,0+950,,114.958,0.85,121.22,122.07,-12.000000000001876,142.4,
03/10/2019,AS-5,0+950,,,0.855,121.22,122.075,-11.50000000000091,142.4,
04/10/2019,AS-5,0+950,,,0.868,121.22,122.088,-10.200000000001808,142.4,
08/10/2019,AS-5,0+950,,,0.868,121.22,122.088,-10.200000000001808,142.4,
09/10/2019,AS-5,0+950,,,0.69,121.22,121.91,-28.000000000001535,142.4,
12/10/2019,AS-5,0+950,,,0.0,121.22,121.22,-97.00000000000131,142.4,
19/10/2019,AS-5,0+950,,,0.983,121.22,122.203,1.2999999999991019,142.4,
24/10/2019,AS-5,0+950,,,0.909,121.22,122.129,-6.100000000000705,142.4,
29/10/2019,AS-5,0+950,,,0.899,121.22,122.119,-7.1000000000012164,142.4,
31/10/2019,AS-5,0+950,,,0.974,121.22,122.194,0.39999999999906777,142.4,
01/11/2019,AS-5,0+950,,,0.868,121.22,122.088,-10.200000000001808,142.4,
09/11/2019,AS-5,0+950,,115.173,0.846,121.22,122.066,-12.400000000000944,142.4,
13/11/2019,AS-5,0+950,,115.173,0.81,121.22,122.03,-16.00000000000108,142.4,
17/11/2019,AS-5,0+950,,,0.87,121.22,122.09,-10.000000000000853,142.4,
20/11/2019,AS-5,0+950,,,0.859,121.22,122.079,-11.100000000001842,142.4,
24/11/2019,AS-5,0+950,,,0.781,121.22,122.001,-18.900000000000716,142.4,
28/05/2020,AS-5,0+950,119.775,117.213,0.543,121.442,121.985,-20.50000000000125,146.6,
30/05/2020,AS-5,0+950,,,0.542,121.442,121.984,-20.600000000001728,146.6,
02/06/2020,AS-5,0+950,,,0.545,121.442,121.987,-20.300000000001717,147.8,
05/06/2020,AS-5,0+950,,,0.546,121.442,121.988,-20.20000000000124,147.8,
06/06/2020,AS-5,0+950,,,0.547,121.442,121.98899999999999,-20.100000000002183,147.8,
09/06/2020,AS-5,0+950,,117.205,0.546,121.442,121.988,-20.20000000000124,147.8,
12/06/2020,AS-5,0+950,,,0.542,121.442,121.984,-20.600000000001728,147.8,
16/06/2020,AS-5,0+950,,117.045,0.538,121.442,121.97999999999999,-21.000000000002217,147.8,
23/06/2020,AS-5,0+950,119.791,,0.537,121.458,121.995,-19.50000000000074,147.8,
26/06/2020,AS-5,0+950,119.79,,0.53,121.457,121.987,-20.300000000001717,147.8,
28/06/2020,AS-5,0+950,,116.671,0.53,121.457,121.987,-20.300000000001717,147.8,
05/07/2020,AS-5,0+950,119.79,,0.526,121.457,121.98299999999999,-20.700000000002206,148.4,
10/07/2020,AS-5,0+950,119.786,,0.528,121.453,121.98100000000001,-20.90000000000032,148.4,
18/07/2020,AS-5,0+950,119.786,115.69,0.525,121.454,121.979,-21.100000000001273,148.4,
24/07/2020,AS-5,0+950,119.788,,0.523,121.454,121.97699999999999,-21.30000000000223,148.4,
31/07/2020,AS-5,0+950,119.789,115.262,0.522,121.456,121.97800000000001,-21.20000000000033,148.4,
07/08/2020,AS-5,0+950,,,0.522,121.456,121.97800000000001,-21.20000000000033,148.4,
14/08/2020,AS-5,0+950,,,0.523,121.456,121.979,-21.100000000001273,148.4,
22/08/2020,AS-5,0+950,,,0.524,121.456,121.98,-21.000000000000796,148.4,
30/08/2020,AS-5,0+950,,,0.517,121.456,121.973,-21.700000000001296,148.4,
04/09/2020,AS-5,0+950,,,0.516,121.456,121.97200000000001,-21.800000000000352,148.4,
11/09/2020,AS-5,0+950,119.788,115.004,0.516,121.454,121.97,-22.000000000001307,148.4,
15/09/2020,AS-5,0+950,,114.916,0.518,121.454,121.972,-21.800000000001774,148.4,
21/09/2020,AS-5,0+950,,114.916,0.514,121.454,121.96799999999999,-22.200000000002262,148.4,
23/09/2020,AS-5,0+950,,114.916,0.515,121.454,121.969,-22.100000000001785,148.4,
25/09/2020,AS-5,0+950,,114.916,0.516,121.454,121.97,-22.000000000001307,148.4,
26/09/2020,AS-5,0+950,,114.916,0.516,121.454,121.97,-22.000000000001307,148.4,
28/09/2020,AS-5,0+950,,115.008,0.511,121.454,121.96499999999999,-22.500000000002274,148.4,
01/10/2020,AS-5,0+950,,115.008,0.513,121.454,121.967,-22.30000000000132,148.4,
09/10/2020,AS-5,0+950,,115.008,0.513,121.45,121.96300000000001,-22.700000000000387,148.4,
16/10/2020,AS-5,0+950,,114.915,0.514,121.45,121.964,-22.60000000000133,148.4,
19/10/2020,AS-5,0+950,,,0.509,121.45,121.959,-23.100000000000875,148.4,
20/10/2020,AS-5,0+950,119.786,114.423,0.504,121.45,121.95400000000001,-23.60000000000042,148.4,
25/01/2021,AS-5,0+950,119.786,117.243,0.505,121.454,121.95899999999999,-23.100000000002296,148.4,
19/02/2021,AS-5,0+950,119.786,117.468,0.525,121.453,121.97800000000001,-21.20000000000033,148.4,
03/06/2021,AS-5,0+950,119.786,117.394,0.73,121.454,122.184,-0.6000000000014438,148.4,
07/06/2021,AS-5,0+950,119.786,116.853,0.726,121.454,122.17999999999999,-1.0000000000019327,148.4,
21/06/2021,AS-5,0+950,119.786,116.689,0.71,121.454,122.16399999999999,-2.600000000002467,148.4,
29/06/2021,AS-5,0+950,119.786,116.552,0.709,121.454,122.163,-2.7000000000015234,148.4,
15/07/2021,AS-5,0+950,119.786,,0.705,121.454,122.15899999999999,-3.1000000000020123,148.4,
07/08/2021,AS-5,0+950,119.786,116.018,0.707,121.453,122.16,-3.0000000000015348,148.4,
15/08/2021,AS-5,0+950,119.786,115.936,0.702,121.453,122.155,-3.50000000000108,148.4,
21/08/2021,AS-5,0+950,119.786,,0.701,121.453,122.154,-3.6000000000015575,148.4,
28/08/2021,AS-5,0+950,,,0.706,121.453,122.159,-3.100000000000591,148.4,
01/09/2021,AS-5,0+950,119.786,115.14,0.706,121.453,122.159,-3.100000000000591,148.4,
16/09/2021,AS-5,0+950,119.786,115.019,0.709,121.453,122.162,-2.80000000000058,148.4,
27/09/2021,AS-5,0+950,119.786,114.781,0.709,121.453,122.162,-2.80000000000058,148.4,
09/10/2021,AS-5,0+950,119.786,114.888,0.706,121.453,122.159,-3.100000000000591,148.4,
14/10/2021,AS-5,0+950,119.786,114.621,0.706,121.454,122.16,-3.0000000000015348,148.4,
18/10/2021,AS-5,0+950,119.786,114.651,0.705,121.454,122.15899999999999,-3.1000000000020123,148.4,
31/10/2021,AS-5,0+950,119.786,115.046,0.705,121.454,122.15899999999999,-3.1000000000020123,148.4,
02/11/2021,AS-5,0+950,119.786,115.046,0.705,121.453,122.158,-3.2000000000010687,148.4,
09/11/2021,AS-5,0+950,119.786,115.629,0.704,121.453,122.157,-3.300000000001546,148.4,
17/11/2021,AS-5,0+950,119.786,115.744,0.703,121.452,122.155,-3.50000000000108,148.4,
24/11/2021,AS-5,0+950,119.786,115.871,0.702,121.453,122.155,-3.50000000000108,148.4,
30/11/2021,AS-5,0+950,119.786,115.981,0.701,121.452,122.15299999999999,-3.700000000002035,148.4,
03/12/2021,AS-5,0+950,119.786,116.068,0.7,121.452,122.152,-3.8000000000010914,148.4,
11/12/2021,AS-5,0+950,,,0.705,121.452,122.157,-3.300000000001546,148.4,
18/01/2022,AS-5,0+950,,,0.69,121.452,122.142,-4.800000000001603,148.4,
27/01/2022,AS-5,0+950,,,0.69,121.452,122.142,-4.800000000001603,148.4,
11/02/2022,AS-5,0+950,,,0.686,121.452,122.138,-5.200000000000671,148.4,
19/02/2022,AS-5,0+950,,117.602,0.684,121.452,122.136,-5.400000000001626,148.4,
25/02/2022,AS-5,0+950,,117.602,0.685,121.452,122.137,-5.300000000001148,148.4,
05/03/2022,AS-5,0+950,119.786,117.164,0.682,121.461,122.143,-4.7000000000011255,148.4,
11/03/2022,AS-5,0+950,119.786,117.109,0.68,121.461,122.141,-4.900000000000659,148.4,
18/03/2022,AS-5,0+950,119.786,117.075,0.679,121.461,122.14,-5.000000000001137,148.4,
25/03/2022,AS-5,0+950,119.786,117.031,0.679,121.454,122.133,-5.700000000001637,148.4,
05/04/2022,AS-5,0+950,119.786,116.875,0.679,121.454,122.133,-5.700000000001637,148.4,
11/04/2022,AS-5,0+950,119.786,116.697,0.677,121.461,122.138,-5.200000000000671,148.4,
20/04/2022,AS-5,0+950,119.786,116.679,0.677,121.461,122.138,-5.200000000000671,148.4,
25/04/2022,AS-5,0+950,119.786,,0.675,121.461,122.136,-5.400000000001626,148.4,
05/05/2022,AS-5,0+950,119.786,116.404,0.674,121.461,122.135,-5.500000000000682,148.4,
11/05/2022,AS-5,0+950,119.786,116.254,0.675,121.454,122.12899999999999,-6.100000000002126,148.4,
17/05/2022,AS-5,0+950,119.786,116.171,0.673,121.454,122.127,-6.30000000000166,148.4,
24/05/2022,AS-5,0+950,119.786,116.171,0.674,121.454,122.128,-6.200000000001182,148.4,
30/05/2022,AS-5,0+950,119.786,115.942,0.674,121.454,122.128,-6.200000000001182,148.4,
05/06/2022,AS-5,0+950,119.786,115.747,0.672,121.454,122.12599999999999,-6.400000000002137,148.4,
10/06/2022,AS-5,0+950,,115.555,0.672,121.454,122.12599999999999,-6.400000000002137,148.4,
19/06/2022,AS-5,0+950,119.78,115.555,0.672,121.447,122.119,-7.1000000000012164,148.4,
24/06/2022,AS-5,0+950,119.78,115.387,0.672,121.447,122.119,-7.1000000000012164,148.4,
01/07/2022,AS-5,0+950,,115.304,0.672,121.447,122.119,-7.1000000000012164,148.4,
09/07/2022,AS-5,0+950,119.78,115.108,0.671,121.447,122.11800000000001,-7.200000000000273,148.4,
17/07/2022,AS-5,0+950,119.78,,0.67,121.447,122.117,-7.30000000000075,148.4,
28/07/2022,AS-5,0+950,119.78,114.667,0.67,121.447,122.117,-7.30000000000075,148.4,
05/08/2022,AS-5,0+950,119.78,114.191,0.669,121.447,122.116,-7.400000000001228,148.4,
13/08/2022,AS-5,0+950,119.78,114.139,0.67,121.447,122.117,-7.30000000000075,148.4,
19/08/2022,AS-5,0+950,119.78,114.136,0.67,121.447,122.117,-7.30000000000075,148.4,
29/08/2022,AS-5,0+950,119.78,114.136,0.669,121.447,122.116,-7.400000000001228,148.4,
23/02/2023,AS-5,0+950,,116.755,0.654,121.447,122.101,-8.900000000001285,148.4,
11/03/2023,AS-5,0+950,,,0.652,121.447,122.099,-9.100000000000819,148.4,
17/03/2023,AS-5,0+950,119.793,116.743,0.648,121.454,122.10199999999999,-8.800000000002228,148.4,
26/03/2023,AS-5,0+950,119.793,116.526,0.649,121.454,122.103,-8.70000000000175,148.4,
31/03/2023,AS-5,0+950,119.793,,0.648,121.454,122.10199999999999,-8.800000000002228,148.4,
03/04/2023,AS-5,0+950,119.793,116.536,0.648,121.454,122.10199999999999,-8.800000000002228,148.4,
09/04/2023,AS-5,0+950,119.793,116.374,0.648,121.454,122.10199999999999,-8.800000000002228,148.4,
15/04/2023,AS-5,0+950,119.793,116.266,0.645,121.458,122.103,-8.70000000000175,148.4,
23/04/2023,AS-5,0+950,119.793,116.266,0.645,121.458,122.103,-8.70000000000175,148.4,
09/05/2023,AS-5,0+950,,,0.643,121.458,122.101,-8.900000000001285,148.4,
27/05/2023,AS-5,0+950,119.793,115.969,0.643,121.459,122.102,-8.800000000000807,148.4,
03/06/2023,AS-5,0+950,119.793,115.73,0.643,121.459,122.102,-8.800000000000807,148.4,
09/06/2023,AS-5,0+950,119.793,115.647,0.643,121.459,122.102,-8.800000000000807,148.4,
16/06/2023,AS-5,0+950,119.793,,0.642,121.459,122.101,-8.900000000001285,148.4,
23/06/2023,AS-5,0+950,119.793,115.565,0.64,121.459,122.099,-9.100000000000819,148.4,
30/06/2023,AS-5,0+950,119.793,115.354,0.643,121.459,122.102,-8.800000000000807,148.4,
08/07/2023,AS-5,0+950,119.793,115.156,0.643,121.459,122.102,-8.800000000000807,148.4,
14/07/2023,AS-5,0+950,119.793,115.008,0.643,121.459,122.102,-8.800000000000807,148.4,
30/07/2023,AS-5,0+950,119.782,114.831,0.642,121.452,122.094,-9.600000000001785,148.4,
14/08/2023,AS-5,0+950,119.782,114.629,0.644,121.449,122.093,-9.700000000000841,148.4,
23/08/2023,AS-5,0+950,119.782,114.391,0.642,121.449,122.091,-9.900000000001796,148.4,
04/09/2023,AS-5,0+950,119.782,114.309,0.64,121.449,122.089,-10.10000000000133,148.4,
09/09/2023,AS-5,0+950,119.782,,0.642,121.449,122.091,-9.900000000001796,148.4,
15/09/2023,AS-5,0+950,119.782,114.309,0.64,121.449,122.089,-10.10000000000133,148.4,
24/09/2023,AS-5,0+950,119.782,114.131,0.64,121.457,122.097,-9.300000000001774,148.4,
03/10/2023,AS-5,0+950,119.782,114.069,0.641,121.457,122.098,-9.200000000001296,148.4,
09/10/2023,AS-5,0+950,119.782,114.1,0.641,121.457,122.098,-9.200000000001296,148.4,
16/10/2023,AS-5,0+950,119.782,114.18,0.64,121.457,122.097,-9.300000000001774,148.4,
29/10/2023,AS-5,0+950,119.782,114.254,0.635,121.457,122.092,-9.800000000001319,148.4,
03/11/2023,AS-5,0+950,119.782,114.306,0.639,121.447,122.086,-10.400000000001342,148.4,
10/11/2023,AS-5,0+950,119.782,114.328,0.638,121.447,122.08500000000001,-10.500000000000398,148.4,
17/11/2023,AS-5,0+950,119.782,114.328,0.637,121.447,122.084,-10.600000000000875,148.4,
07/04/2019,AS-6,0+950,,,0.964,120.969,121.93299999999999,-1.4210854715202004e-12,134.0,
13/04/2019,AS-6,0+950,,,0.955,120.969,121.92399999999999,-0.9000000000014552,134.0,
25/04/2019,AS-6,0+950,,,0.931,120.969,121.89999999999999,-3.300000000001546,134.0,
27/04/2019,AS-6,0+950,,,0.93,120.969,121.899,-3.4000000000006025,134.0,
04/05/2019,AS-6,0+950,,,0.928,120.969,121.89699999999999,-3.6000000000015575,136.4,
07/05/2019,AS-6,0+950,118.776,117.493,0.924,120.973,121.897,-3.6000000000001364,136.4,
25/05/2019,AS-6,0+950,,,0.981,120.973,121.954,2.0999999999986585,136.4,
27/05/2019,AS-6,0+950,,,0.929,120.973,121.902,-3.100000000000591,136.4,
31/05/2019,AS-6,0+950,,117.298,0.93,120.973,121.903,-3.0000000000001137,136.4,
04/06/2019,AS-6,0+950,,,0.937,120.973,121.91,-2.3000000000010346,139.4,
08/06/2019,AS-6,0+950,,,0.935,120.973,121.908,-2.5000000000005684,139.4,
18/06/2019,AS-6,0+950,,,0.937,120.973,121.91,-2.3000000000010346,139.4,
22/06/2019,AS-6,0+950,,,0.941,120.973,121.914,-1.9000000000005457,139.4,
25/06/2019,AS-6,0+950,118.748,116.701,0.938,120.945,121.883,-5.000000000001137,139.4,
30/06/2019,AS-6,0+950,,,0.941,120.945,121.886,-4.7000000000011255,139.4,
02/07/2019,AS-6,0+950,,116.527,0.94,120.945,121.88499999999999,-4.800000000001603,139.4,
05/07/2019,AS-6,0+950,,,0.96,120.945,121.90499999999999,-2.800000000002001,139.4,
06/07/2019,AS-6,0+950,,,0.95,120.945,121.895,-3.8000000000010914,139.4,
12/07/2019,AS-6,0+950,,116.354,0.96,120.945,121.90499999999999,-2.800000000002001,139.4,
16/07/2019,AS-6,0+950,,116.255,0.961,120.945,121.90599999999999,-2.7000000000015234,139.4,
20/07/2019,AS-6,0+950,118.738,,0.958,120.94,121.898,-3.50000000000108,139.4,
23/07/2019,AS-6,0+950,,115.983,0.958,120.94,121.898,-3.50000000000108,139.4,
27/07/2019,AS-6,0+950,,115.915,0.956,120.94,121.896,-3.700000000000614,139.4,
30/07/2019,AS-6,0+950,,115.862,0.956,120.94,121.896,-3.700000000000614,139.4,
03/08/2019,AS-6,0+950,,,0.965,120.94,121.905,-2.80000000000058,140.0,
06/08/2019,AS-6,0+950,,,0.964,120.94,121.904,-2.9000000000010573,140.0,
11/08/2019,AS-6,0+950,,,0.972,120.94,121.91199999999999,-2.1000000000015007,140.0,
16/08/2019,AS-6,0+950,,115.68,0.97,120.94,121.91,-2.3000000000010346,140.0,
19/08/2019,AS-6,0+950,,,0.959,120.94,121.899,-3.4000000000006025,140.0,
23/08/2019,AS-6,0+950,,115.50700231481481,0.965,120.94,121.905,-2.80000000000058,140.0,
31/08/2019,AS-6,0+950,,,0.987,120.94,121.92699999999999,-0.6000000000014438,140.0,
05/09/2019,AS-6,0+950,,,0.964,120.94,121.904,-2.9000000000010573,141.8,
06/09/2019,AS-6,0+950,,,0.963,120.94,121.90299999999999,-3.0000000000015348,141.8,
07/09/2019,AS-6,0+950,,,0.962,120.94,121.902,-3.100000000000591,141.8,
08/09/2019,AS-6,0+950,,115.02099537037037,0.963,120.94,121.90299999999999,-3.0000000000015348,141.8,
09/09/2019,AS-6,0+950,,,0.963,120.94,121.90299999999999,-3.0000000000015348,141.8,
10/09/2019,AS-6,0+950,,,0.963,120.94,121.90299999999999,-3.0000000000015348,141.8,
11/09/2019,AS-6,0+950,,,0.964,120.94,121.904,-2.9000000000010573,141.8,
12/09/2019,AS-6,0+950,,,0.964,120.94,121.904,-2.9000000000010573,141.8,
13/09/2019,AS-6,0+950,118.732,,0.965,120.93,121.89500000000001,-3.7999999999996703,141.8,
14/09/2019,AS-6,0+950,,,0.965,120.93,121.89500000000001,-3.7999999999996703,141.8,
15/09/2019,AS-6,0+950,,,0.962,120.93,121.89200000000001,-4.099999999999682,141.8,
16/09/2019,AS-6,0+950,,,0.964,120.93,121.894,-3.900000000000148,141.8,
19/09/2019,AS-6,0+950,,,0.961,120.93,121.891,-4.200000000000159,141.8,
24/09/2019,AS-6,0+950,,,0.964,120.93,121.894,-3.900000000000148,141.8,
27/09/2019,AS-6,0+950,,,0.962,120.93,121.89200000000001,-4.099999999999682,141.8,
30/09/2019,AS-6,0+950,,,0.968,120.93,121.89800000000001,-3.499999999999659,141.8,
01/10/2019,AS-6,0+950,,114.958,0.968,120.93,121.89800000000001,-3.499999999999659,142.4,
03/10/2019,AS-6,0+950,,,0.965,120.93,121.89500000000001,-3.7999999999996703,142.4,
04/10/2019,AS-6,0+950,,,0.967,120.93,121.897,-3.6000000000001364,142.4,
08/10/2019,AS-6,0+950,,,0.961,120.93,121.891,-4.200000000000159,142.4,
09/10/2019,AS-6,0+950,,,0.963,120.93,121.893,-4.000000000000625,142.4,
12/10/2019,AS-6,0+950,,,0.96,120.93,121.89,-4.300000000000637,142.4,
17/10/2019,AS-6,0+950,,,0.96,120.93,121.89,-4.300000000000637,142.4,
19/10/2019,AS-6,0+950,,,0.963,120.93,121.893,-4.000000000000625,142.4,
24/10/2019,AS-6,0+950,,,0.96,120.93,121.89,-4.300000000000637,142.4,
29/10/2019,AS-6,0+950,,,0.958,120.93,121.888,-4.5000000000001705,142.4,
31/10/2019,AS-6,0+950,,,0.959,120.93,121.88900000000001,-4.399999999999693,142.4,
01/11/2019,AS-6,0+950,,,0.955,120.93,121.885,-4.800000000000182,142.4,
09/11/2019,AS-6,0+950,,115.173,0.953,120.93,121.88300000000001,-4.999999999999716,142.4,
13/11/2019,AS-6,0+950,,115.173,0.955,120.93,121.885,-4.800000000000182,142.4,
17/11/2019,AS-6,0+950,,,0.953,120.93,121.88300000000001,-4.999999999999716,142.4,
20/11/2019,AS-6,0+950,,,0.952,120.93,121.882,-5.100000000000193,142.4,
24/11/2019,AS-6,0+950,,,0.952,120.93,121.882,-5.100000000000193,146.6,
28/05/2020,AS-6,0+950,119.775,117.213,0.611,121.195,121.806,-12.700000000000955,146.6,
30/05/2020,AS-6,0+950,,,0.612,121.195,121.80699999999999,-12.600000000001899,147.8,
02/06/2020,AS-6,0+950,,,0.616,121.195,121.81099999999999,-12.20000000000141,147.8,
05/06/2020,AS-6,0+950,,,0.615,121.195,121.80999999999999,-12.300000000001887,147.8,
06/06/2020,AS-6,0+950,,,0.612,121.195,121.80699999999999,-12.600000000001899,147.8,
09/06/2020,AS-6,0+950,,117.205,0.616,121.195,121.81099999999999,-12.20000000000141,147.8,
12/06/2020,AS-6,0+950,,,0.611,121.195,121.806,-12.700000000000955,147.8,
16/06/2020,AS-6,0+950,,117.045,0.636,121.195,121.83099999999999,-10.200000000001808,147.8,
23/06/2020,AS-6,0+950,119.791,,0.603,121.21,121.81299999999999,-12.000000000001876,147.8,
26/06/2020,AS-6,0+950,119.79,,0.601,121.209,121.81,-12.300000000000466,147.8,
28/06/2020,AS-6,0+950,,116.671,0.6,121.209,121.809,-12.400000000000944,148.4,
05/07/2020,AS-6,0+950,119.79,,0.61,121.209,121.819,-11.400000000000432,148.4,
10/07/2020,AS-6,0+950,119.786,,0.625,121.204,121.829,-10.400000000001342,148.4,
18/07/2020,AS-6,0+950,119.786,115.69,0.639,121.206,121.845,-8.800000000000807,148.4,
24/07/2020,AS-6,0+950,119.788,,0.64,121.206,121.846,-8.70000000000033,148.4,
31/07/2020,AS-6,0+950,119.789,115.262,0.648,121.208,121.856,-7.700000000001239,148.4,
07/08/2020,AS-6,0+950,,,0.682,121.208,121.89,-4.300000000000637,148.4,
14/08/2020,AS-6,0+950,,,0.695,121.208,121.90299999999999,-3.0000000000015348,148.4,
22/08/2020,AS-6,0+950,,,0.703,121.208,121.911,-2.200000000000557,148.4,
30/08/2020,AS-6,0+950,,,0.685,121.208,121.893,-4.000000000000625,148.4,
04/09/2020,AS-6,0+950,,,0.685,121.208,121.893,-4.000000000000625,148.4,
11/09/2020,AS-6,0+950,119.788,115.004,0.744,121.206,121.95,1.6999999999995907,148.4,
15/09/2020,AS-6,0+950,,114.916,0.677,121.206,121.88300000000001,-4.999999999999716,148.4,
21/09/2020,AS-6,0+950,,114.916,0.744,121.206,121.95,1.6999999999995907,148.4,
23/09/2020,AS-6,0+950,,114.916,0.703,121.206,121.909,-2.400000000000091,148.4,
25/09/2020,AS-6,0+950,,114.916,0.709,121.206,121.915,-1.8000000000000682,148.4,
26/09/2020,AS-6,0+950,,114.916,0.682,121.206,121.888,-4.5000000000001705,148.82,
28/09/2020,AS-6,0+950,,115.008,0.72,121.206,121.926,-0.7000000000005002,148.82,
01/10/2020,AS-6,0+950,,115.008,0.611,121.206,121.81700000000001,-11.599999999999966,149.0,
09/10/2020,AS-6,0+950,,115.008,0.773,121.202,121.975,4.199999999998738,149.0,
16/10/2020,AS-6,0+950,,114.915,0.785,121.202,121.987,5.3999999999987836,149.0,
19/10/2020,AS-6,0+950,,,0.74,121.202,121.942,0.899999999998613,149.0,
20/10/2020,AS-6,0+950,119.786,114.423,0.665,121.202,121.867,-6.60000000000025,149.0,
31/10/2020,AS-6,0+950,,,0.756,121.202,121.958,2.4999999999991473,,
02/11/2020,AS-6,0+950,,,0.756,121.202,121.958,2.4999999999991473,,
22/11/2020,AS-6,0+950,119.785,114.872,0.748,121.2,121.94800000000001,1.5000000000000568,154.4,
04/12/2020,AS-6,0+950,,115.677,0.73,121.2,121.93,-0.30000000000001137,154.4,
03/03/2021,AS-6,0+950,119.786,,0.662,121.206,121.86800000000001,-6.499999999999773,154.4,
04/03/2021,AS-6,0+950,119.786,117.657,0.662,121.206,121.86800000000001,-6.499999999999773,154.4,
06/03/2021,AS-6,0+950,119.786,,0.678,121.206,121.884,-4.900000000000659,154.4,
08/03/2021,AS-6,0+950,119.786,,0.676,121.206,121.882,-5.100000000000193,154.4,
15/03/2021,AS-6,0+950,119.786,117.843,0.667,121.205,121.872,-6.100000000000705,154.4,
21/03/2021,AS-6,0+950,119.786,117.972,0.673,121.205,121.878,-5.500000000000682,154.4,
27/03/2021,AS-6,0+950,119.786,,0.675,121.207,121.88199999999999,-5.100000000001614,154.4,
05/04/2021,AS-6,0+950,,,0.67,121.207,121.877,-5.60000000000116,154.4,
13/04/2021,AS-6,0+950,119.786,,0.67,121.205,121.875,-5.8000000000006935,154.4,
21/04/2021,AS-6,0+950,,117.824,0.668,121.205,121.873,-6.000000000000227,154.4,
26/04/2021,AS-6,0+950,,117.721,0.672,121.205,121.877,-5.60000000000116,154.4,
05/05/2021,AS-6,0+950,119.786,117.721,0.663,121.206,121.869,-6.400000000000716,154.4,
15/05/2021,AS-6,0+950,119.786,117.505,0.665,121.211,121.876,-5.700000000000216,154.4,
26/05/2021,AS-6,0+950,119.786,117.394,0.664,121.206,121.87,-6.300000000000239,154.4,
03/06/2021,AS-6,0+950,119.786,117.394,0.663,121.206,121.869,-6.400000000000716,154.4,
07/06/2021,AS-6,0+950,119.786,116.853,0.662,121.206,121.86800000000001,-6.499999999999773,154.4,
21/06/2021,AS-6,0+950,119.786,116.689,0.664,121.206,121.87,-6.300000000000239,154.4,
29/06/2021,AS-6,0+950,119.786,116.552,0.66,121.205,121.865,-6.800000000001205,154.4,
15/07/2021,AS-6,0+950,119.786,,0.676,121.205,121.881,-5.200000000000671,154.4,
07/08/2021,AS-6,0+950,119.786,116.018,0.678,121.205,121.883,-5.000000000001137,154.4,
15/08/2021,AS-6,0+950,119.786,115.936,0.68,121.204,121.884,-4.900000000000659,154.4,
21/08/2021,AS-6,0+950,119.786,,0.676,121.204,121.88,-5.300000000001148,154.4,
28/08/2021,AS-6,0+950,,,0.676,121.204,121.88,-5.300000000001148,154.4,
01/09/2021,AS-6,0+950,119.786,115.14,0.676,121.205,121.881,-5.200000000000671,154.4,
16/09/2021,AS-6,0+950,119.786,115.019,0.678,121.205,121.883,-5.000000000001137,154.4,
27/09/2021,AS-6,0+950,119.786,114.781,0.678,121.205,121.883,-5.000000000001137,154.4,
09/10/2021,AS-6,0+950,119.786,114.888,0.678,121.205,121.883,-5.000000000001137,154.4,
14/10/2021,AS-6,0+950,119.786,114.621,0.677,121.206,121.88300000000001,-4.999999999999716,154.4,
18/10/2021,AS-6,0+950,119.786,114.651,0.679,121.206,121.885,-4.800000000000182,154.4,
31/10/2021,AS-6,0+950,119.786,115.046,0.68,121.206,121.88600000000001,-4.699999999999704,154.4,
02/11/2021,AS-6,0+950,119.786,115.046,0.678,121.205,121.883,-5.000000000001137,154.4,
09/11/2021,AS-6,0+950,119.786,115.629,0.676,121.199,121.875,-5.8000000000006935,155.4,
17/11/2021,AS-6,0+950,119.786,115.744,0.675,121.205,121.88,-5.300000000001148,155.4,
24/11/2021,AS-6,0+950,119.786,115.871,0.674,121.206,121.88000000000001,-5.299999999999727,155.4,
30/11/2021,AS-6,0+950,119.786,115.981,0.675,121.204,121.87899999999999,-5.400000000001626,155.4,
03/12/2021,AS-6,0+950,119.786,116.068,0.675,121.204,121.87899999999999,-5.400000000001626,155.4,
11/12/2021,AS-6,0+950,,,0.679,121.204,121.883,-5.000000000001137,155.4,
18/01/2022,AS-6,0+950,,,0.665,121.204,121.869,-6.400000000000716,155.4,
27/01/2022,AS-6,0+950,,,0.67,121.204,121.874,-5.900000000001171,155.4,
11/02/2022,AS-6,0+950,,,0.662,121.204,121.866,-6.700000000000728,155.4,
19/02/2022,AS-6,0+950,,117.602,0.66,121.204,121.866,-6.700000000000728,155.4,
25/02/2022,AS-6,0+950,,117.602,0.662,121.204,121.86399999999999,-6.900000000001683,155.4,
05/03/2022,AS-6,0+950,119.786,117.164,0.661,121.209,121.866,-6.700000000000728,155.4,
11/03/2022,AS-6,0+950,119.786,117.109,0.662,121.209,121.87,-6.300000000000239,155.4,
18/03/2022,AS-6,0+950,119.786,117.075,0.662,121.209,121.87100000000001,-6.199999999999761,155.4,
25/03/2022,AS-6,0+950,119.786,117.031,0.662,121.205,121.87100000000001,-6.199999999999761,155.4,
05/04/2022,AS-6,0+950,119.786,116.875,0.662,121.205,121.867,-6.60000000000025,155.4,
11/04/2022,AS-6,0+950,119.786,116.697,0.658,121.209,121.867,-6.60000000000025,155.4,
20/04/2022,AS-6,0+950,119.786,116.679,0.659,121.209,121.867,-6.60000000000025,155.4,
25/04/2022,AS-6,0+950,119.786,,0.657,121.209,121.86800000000001,-6.499999999999773,155.4,
05/05/2022,AS-6,0+950,119.786,116.404,0.657,121.209,121.866,-6.700000000000728,155.4,
11/05/2022,AS-6,0+950,119.786,116.254,0.656,121.205,121.866,-6.700000000000728,155.4,
17/05/2022,AS-6,0+950,119.786,116.171,0.654,121.205,121.861,-7.200000000000273,155.4,
24/05/2022,AS-6,0+950,119.786,116.171,0.653,121.205,121.859,-7.400000000001228,155.4,
30/05/2022,AS-6,0+950,119.786,115.942,0.657,121.205,121.858,-7.500000000000284,155.4,
05/06/2022,AS-6,0+950,119.786,115.747,0.653,121.205,121.862,-7.1000000000012164,155.4,
10/06/2022,AS-6,0+950,,,0.655,121.205,121.858,-7.500000000000284,155.4,
19/06/2022,AS-6,0+950,119.78,115.555,0.652,121.199,121.86,-7.30000000000075,155.4,
24/06/2022,AS-6,0+950,119.78,115.387,0.653,121.199,121.851,-8.200000000000784,155.4,
01/07/2022,AS-6,0+950,,115.304,0.653,121.199,121.852,-8.100000000000307,155.4,
09/07/2022,AS-6,0+950,119.78,115.108,0.65,121.199,121.852,-8.100000000000307,155.4,
17/07/2022,AS-6,0+950,119.78,,0.65,121.199,121.849,-8.400000000000318,155.4,
28/07/2022,AS-6,0+950,119.78,114.667,0.65,121.199,121.849,-8.400000000000318,155.4,
05/08/2022,AS-6,0+950,119.78,114.191,0.65,121.199,121.849,-8.400000000000318,155.4,
13/08/2022,AS-6,0+950,119.78,114.139,0.65,121.199,121.849,-8.400000000000318,155.4,
19/08/2022,AS-6,0+950,119.78,114.136,0.653,121.199,121.849,-8.400000000000318,155.4,
29/08/2022,AS-6,0+950,119.78,114.136,0.652,121.199,121.852,-8.100000000000307,155.4,
23/02/2023,AS-6,0+950,,116.755,0.648,121.199,121.851,-8.200000000000784,155.4,
11/03/2023,AS-6,0+950,,,0.647,121.199,121.847,-8.600000000001273,155.4,
17/03/2023,AS-6,0+950,119.793,116.743,0.645,121.206,121.846,-8.70000000000033,155.4,
26/03/2023,AS-6,0+950,119.793,116.526,0.644,121.206,121.851,-8.200000000000784,155.4,
31/03/2023,AS-6,0+950,119.793,,0.643,121.206,121.85000000000001,-8.29999999999984,156.4,
03/04/2023,AS-6,0+950,119.793,116.536,0.644,121.206,121.849,-8.400000000000318,157.4,
09/04/2023,AS-6,0+950,119.793,116.374,0.642,121.206,121.85000000000001,-8.29999999999984,157.4,
15/04/2023,AS-6,0+950,119.793,116.266,0.641,121.209,121.848,-8.500000000000796,157.4,
23/04/2023,AS-6,0+950,119.793,116.266,0.642,121.209,121.85000000000001,-8.29999999999984,157.4,
09/05/2023,AS-6,0+950,,,0.599,121.209,121.851,-8.200000000000784,157.4,
27/05/2023,AS-6,0+950,119.793,115.969,0.636,121.211,121.847,-8.600000000001273,157.4,
03/06/2023,AS-6,0+950,119.793,115.73,0.636,121.211,121.847,-8.600000000001273,157.4,
09/06/2023,AS-6,0+950,119.793,115.647,0.636,121.211,121.847,-8.600000000001273,157.4,
16/06/2023,AS-6,0+950,119.793,,0.635,121.211,121.846,-8.70000000000033,157.4,
23/06/2023,AS-6,0+950,119.793,115.565,0.635,121.211,121.846,-8.70000000000033,157.4,
30/06/2023,AS-6,0+950,119.793,115.354,0.637,121.211,121.848,-8.500000000000796,157.4,
08/07/2023,AS-6,0+950,119.793,115.156,0.636,121.211,121.847,-8.600000000001273,157.4,
14/07/2023,AS-6,0+950,119.793,115.008,0.635,121.211,121.846,-8.70000000000033,157.4,
30/07/2023,AS-6,0+950,119.782,114.831,0.637,121.203,121.84,-9.300000000000352,157.4,
14/08/2023,AS-6,0+950,119.782,114.629,0.636,121.201,121.83699999999999,-9.600000000001785,157.4,
23/08/2023,AS-6,0+950,119.789,114.391,0.636,121.201,121.83699999999999,-9.600000000001785,157.4,
04/09/2023,AS-6,0+950,119.789,114.309,0.635,121.201,121.836,-9.700000000000841,157.4,
09/09/2023,AS-6,0+950,119.782,,0.636,121.201,121.83699999999999,-9.600000000001785,157.4,
15/09/2023,AS-6,0+950,119.782,114.309,0.636,121.201,121.83699999999999,-9.600000000001785,157.4,
24/09/2023,AS-6,0+950,119.782,114.131,0.636,121.201,121.83699999999999,-9.600000000001785,157.4,
03/10/2023,AS-6,0+950,119.782,114.069,0.638,121.201,121.839,-9.40000000000083,157.4,
09/10/2023,AS-6,0+950,119.782,114.1,0.637,121.201,121.838,-9.500000000001307,157.4,
16/10/2023,AS-6,0+950,119.782,114.18,0.635,121.201,121.836,-9.700000000000841,157.4,
29/10/2023,AS-6,0+950,119.782,114.254,0.635,121.201,121.836,-9.700000000000841,157.4,
03/11/2023,AS-6,0+950,119.782,114.306,0.636,121.199,121.835,-9.800000000001319,157.4,
10/11/2023,AS-6,0+950,119.782,114.328,0.634,121.199,121.833,-10.000000000000853,157.4,
17/11/2023,AS-6,0+950,119.782,114.328,0.634,121.199,121.833,-10.000000000000853,157.4,
07/04/2019,AS-7,0+950,,,0.879,120.753,121.632,-1.6000000000005343,134.0,
13/04/2019,AS-7,0+950,,,0.82,120.753,121.573,-7.500000000001705,134.0,
25/04/2019,AS-7,0+950,,,0.845,120.753,121.598,-5.000000000001137,134.0,
27/04/2019,AS-7,0+950,,,0.843,120.753,121.596,-5.200000000000671,134.0,
04/05/2019,AS-7,0+950,,,0.841,120.753,121.594,-5.400000000001626,136.4,
07/05/2019,AS-7,0+950,118.776,117.493,0.837,120.769,121.60600000000001,-4.200000000000159,136.4,
25/05/2019,AS-7,0+950,,,0.177,120.769,120.94600000000001,-70.19999999999982,136.4,
27/05/2019,AS-7,0+950,,,0.181,120.769,120.95,-69.80000000000075,136.4,
31/05/2019,AS-7,0+950,,117.298,,120.769,120.769,-87.90000000000049,136.4,
04/06/2019,AS-7,0+950,,,0.339,120.769,121.108,-54.000000000000625,139.4,
08/06/2019,AS-7,0+950,,,0.285,120.769,121.054,-59.40000000000083,139.4,
18/06/2019,AS-7,0+950,,,0.538,120.769,121.307,-34.10000000000082,139.4,
22/06/2019,AS-7,0+950,,,0.598,120.769,121.367,-28.10000000000059,139.4,
25/06/2019,AS-7,0+950,118.748,116.701,0.624,120.738,121.362,-28.600000000001558,139.4,
30/06/2019,AS-7,0+950,,,0.479,120.738,121.217,-43.10000000000116,139.4,
02/07/2019,AS-7,0+950,,116.527,0.47,120.738,121.208,-44.000000000001194,139.4,
05/07/2019,AS-7,0+950,,,0.634,120.738,121.372,-27.600000000001046,139.4,
06/07/2019,AS-7,0+950,,,0.614,120.738,121.352,-29.600000000000648,139.4,
12/07/2019,AS-7,0+950,,116.354,0.691,120.738,121.429,-21.90000000000083,139.4,
16/07/2019,AS-7,0+950,,116.255,0.657,120.738,121.395,-25.300000000001432,139.4,
20/07/2019,AS-7,0+950,118.738,,0.549,120.741,121.29,-35.80000000000041,139.4,
23/07/2019,AS-7,0+950,,115.983,0.577,120.741,121.318,-33.00000000000125,139.4,
27/07/2019,AS-7,0+950,,115.915,0.471,120.741,121.212,-43.600000000000705,139.4,
30/07/2019,AS-7,0+950,,115.862,0.455,120.741,121.196,-45.20000000000124,139.4,
03/08/2019,AS-7,0+950,,,0.451,120.741,121.192,-45.60000000000173,140.0,
06/08/2019,AS-7,0+950,,,0.444,120.741,121.185,-46.30000000000081,140.0,
11/08/2019,AS-7,0+950,,,0.448,120.741,121.189,-45.90000000000174,140.0,
16/08/2019,AS-7,0+950,,115.68,0.425,120.741,121.166,-48.20000000000135,140.0,
19/08/2019,AS-7,0+950,,,0.394,120.741,121.135,-51.30000000000052,140.0,
23/08/2019,AS-7,0+950,,115.50700231481481,0.373,120.741,121.114,-53.4000000000006,140.0,
31/08/2019,AS-7,0+950,,,0.373,120.741,121.114,-53.4000000000006,140.0,
04/09/2019,AS-7,0+950,,,0.0,120.741,120.741,-90.70000000000107,141.8,
05/09/2019,AS-7,0+950,,,0.602,120.741,121.343,-30.500000000000682,141.8,
06/09/2019,AS-7,0+950,,,0.742,120.741,121.483,-16.500000000000625,141.8,
08/09/2019,AS-7,0+950,,115.02099537037037,0.74,120.741,121.481,-16.70000000000158,141.8,
09/09/2019,AS-7,0+950,,,0.736,120.741,121.477,-17.100000000000648,141.8,
10/09/2019,AS-7,0+950,,,0.73,120.741,121.471,-17.70000000000067,141.8,
11/09/2019,AS-7,0+950,,,0.793,120.741,121.534,-11.400000000000432,141.8,
12/09/2019,AS-7,0+950,,,0.743,120.741,121.484,-16.40000000000157,141.8,
13/09/2019,AS-7,0+950,118.732,,0.797,120.732,121.529,-11.900000000001398,141.8,
14/09/2019,AS-7,0+950,,,0.784,120.732,121.516,-13.2000000000005,141.8,
15/09/2019,AS-7,0+950,,,0.78,120.732,121.512,-13.600000000000989,141.8,
16/09/2019,AS-7,0+950,,,0.804,120.732,121.536,-11.200000000000898,141.8,
19/09/2019,AS-7,0+950,,,0.745,120.732,121.477,-17.100000000000648,141.8,
24/09/2019,AS-7,0+950,,,0.77,120.732,121.502,-14.6000000000015,141.8,
27/09/2019,AS-7,0+950,,,0.793,120.732,121.525,-12.300000000000466,141.8,
30/09/2019,AS-7,0+950,,,0.724,120.732,121.456,-19.200000000000728,141.8,
01/10/2019,AS-7,0+950,,114.958,0.769,120.732,121.501,-14.700000000000557,142.4,
03/10/2019,AS-7,0+950,,,0.761,120.732,121.493,-15.500000000001535,142.4,
04/10/2019,AS-7,0+950,,,0.85,120.732,121.582,-6.600000000001671,142.4,
08/10/2019,AS-7,0+950,,,0.727,120.732,121.459,-18.900000000000716,142.4,
09/10/2019,AS-7,0+950,,,0.776,120.732,121.508,-14.000000000001478,142.4,
12/10/2019,AS-7,0+950,,,0.867,120.732,121.599,-4.900000000000659,142.4,
17/10/2019,AS-7,0+950,,,0.911,120.732,121.643,-0.5000000000009663,142.4,
19/10/2019,AS-7,0+950,,,0.974,120.732,121.706,5.799999999999272,142.4,
24/10/2019,AS-7,0+950,,,0.931,120.732,121.663,1.4999999999986358,142.4,
29/10/2019,AS-7,0+950,,,0.955,120.732,121.687,3.8999999999987267,142.4,
31/10/2019,AS-7,0+950,,,0.932,120.732,121.664,1.5999999999991132,142.4,
01/11/2019,AS-7,0+950,,,0.936,120.732,121.668,1.999999999999602,142.4,
09/11/2019,AS-7,0+950,,115.173,0.921,120.732,121.653,0.49999999999954525,142.4,
13/11/2019,AS-7,0+950,,115.173,0.884,120.732,121.616,-3.2000000000010687,142.4,
17/11/2019,AS-7,0+950,,,0.872,120.732,121.604,-4.400000000001114,142.4,
20/11/2019,AS-7,0+950,,,0.856,120.732,121.588,-6.0000000000016485,142.4,
24/11/2019,AS-7,0+950,,,0.85,120.732,121.582,-6.600000000001671,146.6,
28/05/2020,AS-7,0+950,119.775,117.213,0.541,120.943,121.484,-16.40000000000157,146.6,
30/05/2020,AS-7,0+950,,,0.574,120.943,121.517,-13.100000000001444,147.8,
02/06/2020,AS-7,0+950,,,0.578,120.943,121.521,-12.700000000000955,147.8,
05/06/2020,AS-7,0+950,,,0.575,120.943,121.518,-13.000000000000966,147.8,
06/06/2020,AS-7,0+950,,,0.57,120.943,121.51299999999999,-13.500000000001933,147.8,
09/06/2020,AS-7,0+950,,117.205,0.584,120.943,121.527,-12.100000000000932,147.8,
12/06/2020,AS-7,0+950,,,0.565,120.943,121.508,-14.000000000001478,147.8,
16/06/2020,AS-7,0+950,,117.045,0.586,120.943,121.529,-11.900000000001398,147.8,
23/06/2020,AS-7,0+950,119.791,,0.569,120.948,121.517,-13.100000000001444,147.8,
26/06/2020,AS-7,0+950,119.79,,0.535,120.948,121.48299999999999,-16.500000000002046,147.8,
28/06/2020,AS-7,0+950,,116.671,0.53,120.948,121.478,-17.00000000000159,148.4,
05/07/2020,AS-7,0+950,119.79,,0.541,120.948,121.48899999999999,-15.900000000002024,148.4,
10/07/2020,AS-7,0+950,119.786,,0.578,120.943,121.521,-12.700000000000955,148.4,
18/07/2020,AS-7,0+950,119.786,115.69,0.546,120.945,121.491,-15.700000000001069,148.4,
24/07/2020,AS-7,0+950,119.788,,0.574,120.945,121.51899999999999,-12.90000000000191,148.4,
31/07/2020,AS-7,0+950,119.789,115.262,0.581,120.947,121.528,-12.000000000000455,148.4,
07/08/2020,AS-7,0+950,,,0.563,120.947,121.51,-13.800000000000523,148.4,
14/08/2020,AS-7,0+950,,,0.556,120.947,121.503,-14.500000000001023,148.4,
22/08/2020,AS-7,0+950,,,0.556,120.947,121.503,-14.500000000001023,148.4,
30/08/2020,AS-7,0+950,,,0.547,120.947,121.494,-15.400000000001057,148.4,
04/09/2020,AS-7,0+950,,,0.544,120.947,121.491,-15.700000000001069,148.4,
11/09/2020,AS-7,0+950,119.788,115.004,0.57,120.945,121.51499999999999,-13.300000000002399,148.4,
15/09/2020,AS-7,0+950,,114.916,0.577,120.945,121.52199999999999,-12.600000000001899,148.4,
21/09/2020,AS-7,0+950,,114.916,0.583,120.945,121.52799999999999,-12.000000000001876,148.4,
23/09/2020,AS-7,0+950,,114.916,0.57,120.945,121.51499999999999,-13.300000000002399,148.4,
25/09/2020,AS-7,0+950,,114.916,0.566,120.945,121.511,-13.700000000001467,148.4,
26/09/2020,AS-7,0+950,,114.916,0.563,120.945,121.508,-14.000000000001478,149.41,
28/09/2020,AS-7,0+950,,115.008,0.558,120.945,121.503,-14.500000000001023,149.41,
01/10/2020,AS-7,0+950,,115.008,0.536,120.945,121.481,-16.70000000000158,155.0,
09/10/2020,AS-7,0+950,,115.008,0.559,120.94,121.499,-14.900000000001512,155.0,
16/10/2020,AS-7,0+950,,114.915,0.567,120.94,121.50699999999999,-14.100000000001955,155.0,
19/10/2020,AS-7,0+950,,,0.555,120.94,121.495,-15.30000000000058,155.0,
20/10/2020,AS-7,0+950,119.786,114.423,0.563,120.94,121.503,-14.500000000001023,155.0,
31/10/2020,AS-7,0+950,,,0.553,120.94,121.493,-15.500000000001535,155.0,
02/11/2020,AS-7,0+950,,,0.547,120.94,121.487,-16.100000000001558,155.0,
22/11/2020,AS-7,0+950,119.785,114.872,0.542,120.939,121.481,-16.70000000000158,155.0,
04/12/2020,AS-7,0+950,,115.677,0.54,120.939,121.479,-16.900000000001114,155.0,
25/01/2021,AS-7,0+950,119.786,117.243,0.525,120.946,121.471,-17.70000000000067,155.0,
03/03/2021,AS-7,0+950,,,0.554,120.946,121.5,-14.800000000001035,155.0,
04/03/2021,AS-7,0+950,119.786,116.87,0.553,120.946,121.499,-14.900000000001512,155.0,
06/03/2021,AS-7,0+950,119.786,,0.556,120.946,121.502,-14.6000000000015,155.0,
08/03/2021,AS-7,0+950,119.786,,0.554,120.946,121.5,-14.800000000001035,155.0,
15/03/2021,AS-7,0+950,119.786,117.843,0.554,120.945,121.499,-14.900000000001512,155.56,
21/03/2021,AS-7,0+950,119.786,117.972,0.55,120.945,121.49499999999999,-15.300000000002001,155.56,
27/03/2021,AS-7,0+950,119.786,,0.551,120.945,121.496,-15.200000000001523,155.56,
05/04/2021,AS-7,0+950,119.786,,0.55,120.946,121.496,-15.200000000001523,155.56,
13/04/2021,AS-7,0+950,119.786,,0.549,120.944,121.49300000000001,-15.500000000000114,155.56,
21/04/2021,AS-7,0+950,,117.824,0.548,120.944,121.492,-15.600000000000591,155.56,
26/04/2021,AS-7,0+950,,117.721,0.549,120.944,121.49300000000001,-15.500000000000114,155.56,
05/05/2021,AS-7,0+950,119.786,117.721,0.544,120.944,121.488,-16.00000000000108,155.6,
15/05/2021,AS-7,0+950,119.786,117.505,0.545,120.944,121.489,-15.900000000000603,155.6,
26/05/2021,AS-7,0+950,119.786,117.394,0.542,120.945,121.487,-16.100000000001558,155.6,
03/06/2021,AS-7,0+950,119.786,117.394,0.541,120.955,121.496,-15.200000000001523,155.6,
07/06/2021,AS-7,0+950,119.786,116.853,0.541,120.955,121.496,-15.200000000001523,155.6,
21/06/2021,AS-7,0+950,119.786,116.689,0.541,120.945,121.48599999999999,-16.200000000002035,155.6,
29/06/2021,AS-7,0+950,119.786,116.552,0.541,120.945,121.48599999999999,-16.200000000002035,155.6,
15/07/2021,AS-7,0+950,119.786,,0.57,120.945,121.51499999999999,-13.300000000002399,155.6,
07/08/2021,AS-7,0+950,119.786,116.018,0.578,120.944,121.522,-12.600000000000477,155.6,
15/08/2021,AS-7,0+950,119.786,115.936,0.576,120.944,121.52,-12.800000000001432,155.6,
21/08/2021,AS-7,0+950,119.786,,0.58,120.944,121.524,-12.400000000000944,155.6,
28/08/2021,AS-7,0+950,,,0.58,120.944,121.524,-12.400000000000944,155.6,
01/09/2021,AS-7,0+950,119.786,115.14,0.58,120.945,121.52499999999999,-12.300000000001887,155.6,
16/09/2021,AS-7,0+950,119.786,115.019,0.577,120.945,121.52199999999999,-12.600000000001899,155.6,
27/09/2021,AS-7,0+950,119.786,114.781,0.577,120.945,121.52199999999999,-12.600000000001899,155.6,
09/10/2021,AS-7,0+950,119.786,114.888,0.575,120.945,121.52,-12.800000000001432,155.6,
14/10/2021,AS-7,0+950,119.786,114.621,0.573,120.946,121.51899999999999,-12.90000000000191,155.6,
18/10/2021,AS-7,0+950,119.786,114.651,0.573,120.946,121.51899999999999,-12.90000000000191,155.6,
31/10/2021,AS-7,0+950,119.786,115.046,0.57,120.946,121.51599999999999,-13.200000000001921,155.6,
02/11/2021,AS-7,0+950,119.786,115.046,0.57,120.945,121.51499999999999,-13.300000000002399,155.6,
09/11/2021,AS-7,0+950,119.786,115.629,0.568,120.943,121.511,-13.700000000001467,156.6,
17/11/2021,AS-7,0+950,119.786,115.744,0.566,120.945,121.511,-13.700000000001467,156.6,
24/11/2021,AS-7,0+950,119.786,115.871,0.564,120.945,121.50899999999999,-13.900000000002422,156.6,
30/11/2021,AS-7,0+950,119.786,115.981,0.564,120.943,121.50699999999999,-14.100000000001955,156.6,
03/12/2021,AS-7,0+950,119.786,116.068,0.562,120.943,121.505,-14.30000000000149,156.6,
11/12/2021,AS-7,0+950,,,0.573,120.943,121.51599999999999,-13.200000000001921,156.6,
18/01/2022,AS-7,0+950,,,0.568,120.943,121.511,-13.700000000001467,156.6,
27/01/2022,AS-7,0+950,,,0.568,120.943,121.511,-13.700000000001467,156.6,
11/02/2022,AS-7,0+950,,,0.562,120.943,121.505,-14.30000000000149,156.6,
19/02/2022,AS-7,0+950,,117.602,0.559,120.943,121.502,-14.6000000000015,156.6,
25/02/2022,AS-7,0+950,,117.602,0.558,120.943,121.501,-14.700000000000557,156.6,
05/03/2022,AS-7,0+950,119.786,117.164,0.556,120.948,121.50399999999999,-14.400000000001967,156.6,
11/03/2022,AS-7,0+950,119.786,117.109,0.554,120.948,121.502,-14.6000000000015,156.6,
18/03/2022,AS-7,0+950,119.786,117.075,0.554,120.948,121.502,-14.6000000000015,156.6,
25/03/2022,AS-7,0+950,119.786,117.031,0.554,120.945,121.499,-14.900000000001512,156.6,
05/04/2022,AS-7,0+950,119.786,116.875,0.554,120.945,121.499,-14.900000000001512,156.6,
11/04/2022,AS-7,0+950,119.786,116.697,0.55,120.948,121.49799999999999,-15.00000000000199,156.6,
20/04/2022,AS-7,0+950,119.786,116.679,0.549,120.948,121.497,-15.100000000001046,156.6,
25/04/2022,AS-7,0+950,119.786,,0.548,120.948,121.496,-15.200000000001523,156.6,
05/05/2022,AS-7,0+950,119.786,116.404,0.548,120.948,121.496,-15.200000000001523,156.6,
11/05/2022,AS-7,0+950,119.786,116.254,0.548,120.945,121.493,-15.500000000001535,157.6,
17/05/2022,AS-7,0+950,119.786,116.171,0.546,120.945,121.491,-15.700000000001069,157.6,
24/05/2022,AS-7,0+950,119.786,116.171,0.545,120.945,121.49,-15.800000000001546,157.6,
30/05/2022,AS-7,0+950,119.786,115.942,0.548,120.945,121.493,-15.500000000001535,157.6,
05/06/2022,AS-7,0+950,119.786,115.747,0.553,120.945,121.49799999999999,-15.00000000000199,157.6,
10/06/2022,AS-7,0+950,,,0.555,120.945,121.5,-14.800000000001035,157.6,
19/06/2022,AS-7,0+950,119.78,115.555,0.55,120.939,121.48899999999999,-15.900000000002024,157.6,
24/06/2022,AS-7,0+950,119.78,115.387,0.55,120.939,121.48899999999999,-15.900000000002024,157.6,
01/07/2022,AS-7,0+950,,115.304,0.55,120.939,121.48899999999999,-15.900000000002024,157.6,
09/07/2022,AS-7,0+950,119.78,115.108,0.548,120.939,121.487,-16.100000000001558,157.6,
17/07/2022,AS-7,0+950,119.78,,0.55,120.939,121.48899999999999,-15.900000000002024,157.6,
28/07/2022,AS-7,0+950,119.78,114.667,0.548,120.939,121.487,-16.100000000001558,157.6,
05/08/2022,AS-7,0+950,119.78,114.191,0.547,120.939,121.48599999999999,-16.200000000002035,157.6,
13/08/2022,AS-7,0+950,119.78,114.139,0.546,120.939,121.485,-16.30000000000109,157.6,
19/08/2022,AS-7,0+950,119.78,114.136,0.55,120.939,121.48899999999999,-15.900000000002024,157.6,
29/08/2022,AS-7,0+950,119.78,114.136,0.545,120.939,121.484,-16.40000000000157,157.6,
23/02/2023,AS-7,0+950,,116.755,0.543,120.939,121.482,-16.600000000001103,157.6,
11/03/2023,AS-7,0+950,,,0.542,120.939,121.481,-16.70000000000158,157.6,
17/03/2023,AS-7,0+950,119.793,116.743,0.54,120.945,121.485,-16.30000000000109,157.6,
26/03/2023,AS-7,0+950,119.793,116.526,0.539,120.945,121.484,-16.40000000000157,157.6,
31/03/2023,AS-7,0+950,119.793,,0.538,120.945,121.48299999999999,-16.500000000002046,157.6,
03/04/2023,AS-7,0+950,119.793,116.536,0.538,120.945,121.48299999999999,-16.500000000002046,157.6,
09/04/2023,AS-7,0+950,119.793,116.374,0.538,120.945,121.48299999999999,-16.500000000002046,157.6,
15/04/2023,AS-7,0+950,119.793,116.266,0.535,120.949,121.484,-16.40000000000157,157.6,
23/04/2023,AS-7,0+950,119.793,116.266,0.535,120.949,121.484,-16.40000000000157,158.6,
09/05/2023,AS-7,0+950,,,0.534,120.949,121.483,-16.500000000000625,158.6,
27/05/2023,AS-7,0+950,119.793,115.969,0.536,120.95,121.486,-16.200000000000614,158.6,
03/06/2023,AS-7,0+950,119.793,115.73,0.536,120.95,121.486,-16.200000000000614,158.6,
09/06/2023,AS-7,0+950,119.793,115.647,0.536,120.95,121.486,-16.200000000000614,158.6,
16/06/2023,AS-7,0+950,119.793,,0.534,120.95,121.48400000000001,-16.400000000000148,158.6,
23/06/2023,AS-7,0+950,119.793,115.565,0.533,120.95,121.483,-16.500000000000625,158.6,
30/06/2023,AS-7,0+950,119.793,115.354,0.536,120.95,121.486,-16.200000000000614,158.6,
08/07/2023,AS-7,0+950,119.793,115.156,0.533,120.95,121.483,-16.500000000000625,158.6,
14/07/2023,AS-7,0+950,119.793,115.008,0.533,120.95,121.483,-16.500000000000625,158.6,
30/07/2023,AS-7,0+950,119.782,114.831,0.533,120.941,121.474,-17.40000000000066,158.6,
14/08/2023,AS-7,0+950,119.782,114.629,0.532,120.94,121.472,-17.600000000001614,158.6,
23/08/2023,AS-7,0+950,119.789,114.391,0.53,120.94,121.47,-17.80000000000115,158.6,
04/09/2023,AS-7,0+950,119.789,114.309,0.532,120.94,121.472,-17.600000000001614,158.6,
09/09/2023,AS-7,0+950,119.782,,0.53,120.94,121.47,-17.80000000000115,158.6,
15/09/2023,AS-7,0+950,119.782,114.309,0.53,120.94,121.47,-17.80000000000115,158.6,
24/09/2023,AS-7,0+950,119.782,114.131,0.53,120.941,121.471,-17.70000000000067,158.6,
03/10/2023,AS-7,0+950,119.782,114.069,0.531,120.941,121.47200000000001,-17.600000000000193,158.6,
09/10/2023,AS-7,0+950,119.782,114.1,0.53,120.941,121.471,-17.70000000000067,158.6,
16/10/2023,AS-7,0+950,119.782,114.18,0.53,120.941,121.471,-17.70000000000067,158.6,
29/10/2023,AS-7,0+950,119.782,114.254,0.528,120.941,121.46900000000001,-17.900000000000205,158.6,
03/11/2023,AS-7,0+950,119.782,114.306,0.53,120.938,121.468,-18.000000000000682,158.6,
10/11/2023,AS-7,0+950,119.782,114.328,0.528,120.938,121.46600000000001,-18.200000000000216,158.6,
17/11/2023,AS-7,0+950,119.782,114.328,0.528,120.938,121.46600000000001,-18.200000000000216,158.6,
07/04/2019,AS-8,0+950,,,0.602,120.755,121.357,-1.9000000000005457,134.0,
13/04/2019,AS-8,0+950,,,0.598,120.755,121.353,-2.3000000000010346,134.0,
25/04/2019,AS-8,0+950,,,0.597,120.78,121.377,0.0999999999990564,134.0,
27/04/2019,AS-8,0+950,,,0.589,120.78,121.369,-0.7000000000005002,134.0,
04/05/2019,AS-8,0+950,,,0.587,120.78,121.367,-0.9000000000000341,136.4,
07/05/2019,AS-8,0+950,118.776,117.493,0.586,120.762,121.348,-2.80000000000058,136.4,
25/05/2019,AS-8,0+950,,,0.616,120.762,121.378,0.19999999999953388,136.4,
27/05/2019,AS-8,0+950,,,0.605,120.762,121.367,-0.9000000000000341,136.4,
31/05/2019,AS-8,0+950,,117.298,0.588,120.762,121.35,-2.600000000001046,136.4,
04/06/2019,AS-8,0+950,,,0.59,120.762,121.352,-2.400000000000091,139.4,
08/06/2019,AS-8,0+950,,,0.612,120.762,121.374,-0.20000000000095497,139.4,
18/06/2019,AS-8,0+950,,,0.603,120.762,121.365,-1.100000000000989,139.4,
22/06/2019,AS-8,0+950,,,0.603,120.762,121.365,-1.100000000000989,139.4,
25/06/2019,AS-8,0+950,118.748,116.701,0.601,120.736,121.337,-3.900000000000148,139.4,
30/06/2019,AS-8,0+950,,,0.603,120.736,121.339,-3.700000000000614,139.4,
02/07/2019,AS-8,0+950,,116.527,0.602,120.736,121.33800000000001,-3.7999999999996703,139.4,
05/07/2019,AS-8,0+950,,,0.603,120.736,121.339,-3.700000000000614,139.4,
06/07/2019,AS-8,0+950,,,0.603,120.736,121.339,-3.700000000000614,139.4,
12/07/2019,AS-8,0+950,,116.354,0.604,120.736,121.34,-3.6000000000001364,139.4,
16/07/2019,AS-8,0+950,,116.255,0.603,120.736,121.339,-3.700000000000614,139.4,
20/07/2019,AS-8,0+950,118.738,,0.602,120.726,121.328,-4.800000000000182,139.4,
23/07/2019,AS-8,0+950,,115.983,0.602,120.726,121.328,-4.800000000000182,139.4,
27/07/2019,AS-8,0+950,,115.915,0.601,120.726,121.327,-4.900000000000659,139.4,
30/07/2019,AS-8,0+950,,115.862,0.599,120.726,121.325,-5.100000000000193,139.4,
03/08/2019,AS-8,0+950,,,0.604,120.726,121.33,-4.600000000000648,140.0,
06/08/2019,AS-8,0+950,,,0.603,120.726,121.329,-4.7000000000011255,140.0,
11/08/2019,AS-8,0+950,,,0.596,120.726,121.322,-5.400000000000205,140.0,
16/08/2019,AS-8,0+950,,115.68,0.598,120.726,121.324,-5.200000000000671,140.0,
19/08/2019,AS-8,0+950,,,0.598,120.726,121.324,-5.200000000000671,140.0,
23/08/2019,AS-8,0+950,,115.50700231481481,0.599,120.726,121.325,-5.100000000000193,140.0,
31/08/2019,AS-8,0+950,,,0.6,120.726,121.326,-5.000000000001137,140.0,
05/09/2019,AS-8,0+950,,,0.613,120.726,121.339,-3.700000000000614,141.8,
06/09/2019,AS-8,0+950,,,0.609,120.726,121.335,-4.100000000001103,141.8,
07/09/2019,AS-8,0+950,,,0.608,120.726,121.334,-4.200000000000159,141.8,
08/09/2019,AS-8,0+950,,115.02099537037037,0.609,120.726,121.335,-4.100000000001103,141.8,
09/09/2019,AS-8,0+950,,,0.607,120.726,121.333,-4.300000000000637,141.8,
10/09/2019,AS-8,0+950,,,0.602,120.726,121.328,-4.800000000000182,141.8,
11/09/2019,AS-8,0+950,,,0.597,120.726,121.323,-5.300000000001148,141.8,
12/09/2019,AS-8,0+950,,,0.593,120.726,121.319,-5.700000000000216,141.8,
13/09/2019,AS-8,0+950,118.732,,0.591,120.716,121.30699999999999,-6.900000000001683,141.8,
14/09/2019,AS-8,0+950,,,0.59,120.716,121.306,-7.000000000000739,141.8,
15/09/2019,AS-8,0+950,,,0.587,120.716,121.303,-7.30000000000075,141.8,
16/09/2019,AS-8,0+950,,,0.587,120.716,121.303,-7.30000000000075,141.8,
19/09/2019,AS-8,0+950,,,0.583,120.716,121.29899999999999,-7.700000000001239,141.8,
24/09/2019,AS-8,0+950,,,0.581,120.716,121.297,-7.900000000000773,141.8,
27/09/2019,AS-8,0+950,,,0.579,120.716,121.29499999999999,-8.100000000001728,141.8,
30/09/2019,AS-8,0+950,,,0.576,120.716,121.29199999999999,-8.40000000000174,141.8,
01/10/2019,AS-8,0+950,,114.958,0.575,120.716,121.291,-8.500000000000796,142.4,
03/10/2019,AS-8,0+950,,,0.574,120.716,121.28999999999999,-8.600000000001273,142.4,
04/10/2019,AS-8,0+950,,,0.573,120.716,121.28899999999999,-8.70000000000175,142.4,
08/10/2019,AS-8,0+950,,,0.57,120.716,121.28599999999999,-9.000000000001762,142.4,
09/10/2019,AS-8,0+950,,,0.57,120.716,121.28599999999999,-9.000000000001762,142.4,
12/10/2019,AS-8,0+950,,,0.567,120.716,121.28299999999999,-9.300000000001774,142.4,
17/10/2019,AS-8,0+950,,,0.566,120.716,121.282,-9.40000000000083,142.4,
19/10/2019,AS-8,0+950,,,0.569,120.716,121.285,-9.100000000000819,142.4,
24/10/2019,AS-8,0+950,,,0.566,120.716,121.282,-9.40000000000083,142.4,
29/10/2019,AS-8,0+950,,,0.565,120.716,121.28099999999999,-9.500000000001307,142.4,
31/10/2019,AS-8,0+950,,,0.564,120.716,121.27999999999999,-9.600000000001785,142.4,
01/11/2019,AS-8,0+950,,,0.563,120.716,121.279,-9.700000000000841,142.4,
09/11/2019,AS-8,0+950,,115.173,0.593,120.716,121.309,-6.700000000000728,142.4,
13/11/2019,AS-8,0+950,,115.173,0.593,120.716,121.309,-6.700000000000728,142.4,
17/11/2019,AS-8,0+950,,,0.591,120.716,121.30699999999999,-6.900000000001683,142.4,
20/11/2019,AS-8,0+950,,,0.591,120.716,121.30699999999999,-6.900000000001683,142.4,
24/11/2019,AS-8,0+950,,,0.592,120.716,121.30799999999999,-6.800000000001205,146.6,
28/05/2020,AS-8,0+950,119.775,117.213,0.702,120.699,121.401,2.4999999999991473,146.6,
30/05/2020,AS-8,0+950,,,0.699,120.699,121.398,2.199999999999136,147.8,
02/06/2020,AS-8,0+950,,,0.692,120.699,121.39099999999999,1.4999999999986358,147.8,
05/06/2020,AS-8,0+950,,,0.692,120.699,121.39099999999999,1.4999999999986358,147.8,
06/06/2020,AS-8,0+950,,,0.692,120.699,121.39099999999999,1.4999999999986358,147.8,
09/06/2020,AS-8,0+950,,117.205,0.692,120.699,121.39099999999999,1.4999999999986358,147.8,
12/06/2020,AS-8,0+950,,,0.69,120.699,121.389,1.2999999999991019,147.8,
16/06/2020,AS-8,0+950,,117.045,0.69,120.699,121.389,1.2999999999991019,147.8,
23/06/2020,AS-8,0+950,119.791,,0.69,120.712,121.402,2.599999999999625,147.8,
26/06/2020,AS-8,0+950,119.79,,0.688,120.711,121.399,2.2999999999996135,147.8,
28/06/2020,AS-8,0+950,,116.671,0.687,120.711,121.398,2.199999999999136,148.4,
05/07/2020,AS-8,0+950,119.79,,0.686,120.711,121.397,2.1000000000000796,148.4,
10/07/2020,AS-8,0+950,119.786,,0.687,120.707,121.39399999999999,1.7999999999986471,148.4,
18/07/2020,AS-8,0+950,119.786,115.69,0.681,120.708,121.389,1.2999999999991019,148.4,
24/07/2020,AS-8,0+950,119.788,,0.686,120.708,121.394,1.8000000000000682,148.4,
31/07/2020,AS-8,0+950,119.789,115.262,0.687,120.709,121.396,1.999999999999602,148.4,
07/08/2020,AS-8,0+950,,,0.687,120.709,121.396,1.999999999999602,148.4,
14/08/2020,AS-8,0+950,,,0.687,120.709,121.396,1.999999999999602,148.4,
22/08/2020,AS-8,0+950,,,0.689,120.709,121.398,2.199999999999136,148.4,
30/08/2020,AS-8,0+950,,,0.685,120.709,121.394,1.8000000000000682,148.4,
04/09/2020,AS-8,0+950,,,0.685,120.709,121.394,1.8000000000000682,148.4,
11/09/2020,AS-8,0+950,119.788,115.004,0.685,120.709,121.394,1.8000000000000682,148.4,
15/09/2020,AS-8,0+950,,114.916,0.684,120.709,121.393,1.6999999999995907,148.4,
21/09/2020,AS-8,0+950,,114.916,0.685,120.709,121.394,1.8000000000000682,148.4,
23/09/2020,AS-8,0+950,,114.916,0.685,120.709,121.394,1.8000000000000682,148.4,
25/09/2020,AS-8,0+950,,114.916,0.685,120.709,121.394,1.8000000000000682,148.4,
26/09/2020,AS-8,0+950,,114.916,0.685,120.709,121.394,1.8000000000000682,148.83,
28/09/2020,AS-8,0+950,,115.008,0.685,120.709,121.394,1.8000000000000682,148.83,
01/10/2020,AS-8,0+950,,115.008,0.682,120.709,121.391,1.5000000000000568,155.0,
09/10/2020,AS-8,0+950,,115.008,0.685,120.703,121.388,1.2000000000000455,155.0,
16/10/2020,AS-8,0+950,,114.915,0.683,120.703,121.38600000000001,1.0000000000005116,155.0,
19/10/2020,AS-8,0+950,,,0.68,120.703,121.38300000000001,0.7000000000005002,155.0,
20/10/2020,AS-8,0+950,119.786,114.423,0.68,120.703,121.38300000000001,0.7000000000005002,155.0,
31/10/2020,AS-8,0+950,,,0.677,120.703,121.38000000000001,0.40000000000048885,155.0,
02/11/2020,AS-8,0+950,,,0.677,120.703,121.38000000000001,0.40000000000048885,155.0,
22/11/2020,AS-8,0+950,119.785,114.872,0.673,120.702,121.375,-0.10000000000047748,155.0,
04/12/2020,AS-8,0+950,,115.677,0.67,120.702,121.372,-0.40000000000048885,155.0,
25/01/2021,AS-8,0+950,119.786,117.243,0.659,120.71,121.369,-0.7000000000005002,155.0,
06/03/2021,AS-8,0+950,119.786,,0.656,120.71,121.366,-1.0000000000005116,155.0,
08/03/2021,AS-8,0+950,119.786,,0.656,120.71,121.366,-1.0000000000005116,155.0,
15/03/2021,AS-8,0+950,119.786,117.843,0.653,120.71,121.363,-1.300000000000523,155.22,
21/03/2021,AS-8,0+950,119.786,117.972,0.65,120.71,121.36,-1.6000000000005343,155.22,
27/03/2021,AS-8,0+950,119.786,,0.646,120.71,121.356,-2.000000000001023,155.22,
13/04/2021,AS-8,0+950,119.786,,0.647,120.709,121.35600000000001,-1.999999999999602,156.22,
21/04/2021,AS-8,0+950,,117.824,0.645,120.709,121.354,-2.200000000000557,156.22,
26/04/2021,AS-8,0+950,,117.721,0.647,120.709,121.35600000000001,-1.999999999999602,156.22,
05/05/2021,AS-8,0+950,119.786,117.721,0.641,120.709,121.35000000000001,-2.599999999999625,156.2,
15/05/2021,AS-8,0+950,119.786,117.505,0.642,120.709,121.351,-2.5000000000005684,156.2,
26/05/2021,AS-8,0+950,119.786,117.394,0.64,120.71,121.35,-2.600000000001046,156.2,
03/06/2021,AS-8,0+950,119.786,117.394,0.639,120.71,121.34899999999999,-2.7000000000015234,156.2,
07/06/2021,AS-8,0+950,119.786,116.853,0.639,120.71,121.34899999999999,-2.7000000000015234,156.2,
21/06/2021,AS-8,0+950,119.786,116.689,0.638,120.71,121.348,-2.80000000000058,156.2,
29/06/2021,AS-8,0+950,119.786,116.552,0.639,120.71,121.34899999999999,-2.7000000000015234,156.2,
15/07/2021,AS-8,0+950,,,0.645,120.71,121.35499999999999,-2.1000000000015007,156.2,
07/08/2021,AS-8,0+950,119.786,116.018,0.633,120.709,121.342,-3.4000000000006025,156.2,
15/08/2021,AS-8,0+950,119.786,115.936,0.634,120.709,121.343,-3.300000000000125,156.2,
21/08/2021,AS-8,0+950,119.786,,0.63,120.709,121.339,-3.700000000000614,156.2,
28/08/2021,AS-8,0+950,,,0.63,120.709,121.339,-3.700000000000614,156.2,
01/09/2021,AS-8,0+950,119.786,115.14,0.63,120.71,121.33999999999999,-3.6000000000015575,156.2,
16/09/2021,AS-8,0+950,119.786,115.019,0.633,120.71,121.34299999999999,-3.300000000001546,156.2,
27/09/2021,AS-8,0+950,119.786,114.781,0.642,120.71,121.35199999999999,-2.400000000001512,156.2,
09/10/2021,AS-8,0+950,119.786,114.888,0.64,120.71,121.35,-2.600000000001046,156.2,
14/10/2021,AS-8,0+950,119.786,114.621,0.641,120.711,121.352,-2.400000000000091,156.2,
18/10/2021,AS-8,0+950,119.786,114.651,0.642,120.711,121.353,-2.3000000000010346,156.2,
31/10/2021,AS-8,0+950,119.786,115.046,0.642,120.711,121.353,-2.3000000000010346,156.2,
02/11/2021,AS-8,0+950,119.786,115.046,0.64,120.71,121.35,-2.600000000001046,156.2,
09/11/2021,AS-8,0+950,119.786,115.629,0.639,120.705,121.344,-3.2000000000010687,156.2,
17/11/2021,AS-8,0+950,119.786,115.744,0.639,120.709,121.348,-2.80000000000058,156.2,
24/11/2021,AS-8,0+950,119.786,115.871,0.637,120.711,121.348,-2.80000000000058,156.2,
30/11/2021,AS-8,0+950,119.786,115.981,0.637,120.708,121.345,-3.100000000000591,156.2,
03/12/2021,AS-8,0+950,119.786,116.068,0.637,120.708,121.345,-3.100000000000591,156.2,
11/12/2021,AS-8,0+950,,,0.642,120.708,121.35,-2.600000000001046,156.2,
18/01/2022,AS-8,0+950,,,0.625,120.708,121.333,-4.300000000000637,156.2,
27/01/2022,AS-8,0+950,,,0.628,120.708,121.336,-4.000000000000625,156.2,
11/02/2022,AS-8,0+950,,,0.621,120.708,121.329,-4.7000000000011255,156.2,
19/02/2022,AS-8,0+950,,117.602,0.62,120.708,121.328,-4.800000000000182,156.2,
25/02/2022,AS-8,0+950,,117.602,0.62,120.708,121.328,-4.800000000000182,156.2,
05/03/2022,AS-8,0+950,119.786,117.164,0.619,120.714,121.333,-4.300000000000637,156.2,
11/03/2022,AS-8,0+950,119.786,117.109,0.617,120.714,121.331,-4.5000000000001705,156.2,
18/03/2022,AS-8,0+950,119.786,117.075,0.615,120.714,121.329,-4.7000000000011255,156.2,
25/03/2022,AS-8,0+950,119.786,117.031,0.616,120.71,121.326,-5.000000000001137,156.2,
05/04/2022,AS-8,0+950,119.786,116.875,0.616,120.71,121.326,-5.000000000001137,156.2,
11/04/2022,AS-8,0+950,119.786,116.697,0.614,120.714,121.328,-4.800000000000182,156.2,
20/04/2022,AS-8,0+950,119.786,116.679,0.614,120.714,121.328,-4.800000000000182,156.2,
25/04/2022,AS-8,0+950,119.786,,0.617,120.714,121.331,-4.5000000000001705,156.2,
05/05/2022,AS-8,0+950,119.786,116.404,0.613,120.714,121.327,-4.900000000000659,156.2,
11/05/2022,AS-8,0+950,119.786,116.254,0.611,120.71,121.321,-5.500000000000682,156.2,
17/05/2022,AS-8,0+950,119.786,116.171,0.609,120.71,121.31899999999999,-5.700000000001637,156.2,
24/05/2022,AS-8,0+950,119.786,116.171,0.609,120.71,121.31899999999999,-5.700000000001637,156.2,
30/05/2022,AS-8,0+950,119.786,115.942,0.61,120.71,121.32,-5.60000000000116,156.2,
05/06/2022,AS-8,0+950,119.786,115.747,0.61,120.71,121.32,-5.60000000000116,156.2,
10/06/2022,AS-8,0+950,,,0.61,120.71,121.32,-5.60000000000116,156.2,
19/06/2022,AS-8,0+950,119.78,115.555,0.607,120.703,121.31,-6.60000000000025,156.2,
24/06/2022,AS-8,0+950,119.78,115.387,0.608,120.703,121.311,-6.499999999999773,156.2,
01/07/2022,AS-8,0+950,,115.304,0.608,120.703,121.311,-6.499999999999773,156.2,
09/07/2022,AS-8,0+950,119.78,115.108,0.607,120.704,121.31099999999999,-6.500000000001194,156.2,
17/07/2022,AS-8,0+950,119.78,,0.61,120.704,121.314,-6.200000000001182,156.2,
28/07/2022,AS-8,0+950,119.78,114.667,0.608,120.704,121.312,-6.400000000000716,156.2,
05/08/2022,AS-8,0+950,119.78,114.191,0.607,120.705,121.312,-6.400000000000716,156.2,
13/08/2022,AS-8,0+950,119.78,114.139,0.607,120.705,121.312,-6.400000000000716,156.2,
19/08/2022,AS-8,0+950,119.78,114.136,0.61,120.705,121.315,-6.100000000000705,156.2,
29/08/2022,AS-8,0+950,119.78,114.136,0.608,120.705,121.313,-6.300000000000239,156.2,
23/02/2023,AS-8,0+950,,116.755,0.593,120.705,121.298,-7.800000000000296,156.2,
11/03/2023,AS-8,0+950,,,0.59,120.705,121.295,-8.100000000000307,156.2,
17/03/2023,AS-8,0+950,119.793,116.743,0.589,120.71,121.29899999999999,-7.700000000001239,156.2,
26/03/2023,AS-8,0+950,119.793,116.526,0.589,120.71,121.29899999999999,-7.700000000001239,156.2,
31/03/2023,AS-8,0+950,119.793,,0.588,120.71,121.29799999999999,-7.800000000001717,156.2,
03/04/2023,AS-8,0+950,119.793,116.536,0.589,120.71,121.29899999999999,-7.700000000001239,156.2,
09/04/2023,AS-8,0+950,119.793,116.374,0.588,120.71,121.29799999999999,-7.800000000001717,156.2,
15/04/2023,AS-8,0+950,119.793,116.266,0.586,120.713,121.29899999999999,-7.700000000001239,156.2,
23/04/2023,AS-8,0+950,119.793,116.266,0.587,120.713,121.3,-7.600000000000762,156.2,
09/05/2023,AS-8,0+950,,,0.584,120.713,121.297,-7.900000000000773,156.2,
27/05/2023,AS-8,0+950,119.793,115.969,0.582,120.715,121.297,-7.900000000000773,156.2,
03/06/2023,AS-8,0+950,119.793,115.73,0.582,120.715,121.297,-7.900000000000773,156.2,
09/06/2023,AS-8,0+950,119.793,115.647,0.582,120.715,121.297,-7.900000000000773,156.2,
16/06/2023,AS-8,0+950,119.793,,0.581,120.715,121.296,-7.9999999999998295,156.2,
23/06/2023,AS-8,0+950,119.793,115.565,0.581,120.715,121.296,-7.9999999999998295,156.2,
30/06/2023,AS-8,0+950,119.793,115.354,0.582,120.715,121.297,-7.900000000000773,156.2,
08/07/2023,AS-8,0+950,119.793,115.156,0.582,120.715,121.297,-7.900000000000773,156.2,
14/07/2023,AS-8,0+950,119.793,115.008,0.582,120.715,121.297,-7.900000000000773,156.2,
30/07/2023,AS-8,0+950,119.782,114.831,0.581,120.709,121.29,-8.599999999999852,156.2,
14/08/2023,AS-8,0+950,119.782,114.629,0.581,120.705,121.286,-9.000000000000341,156.2,
23/08/2023,AS-8,0+950,119.789,114.391,0.58,120.705,121.285,-9.100000000000819,156.2,
04/09/2023,AS-8,0+950,119.789,114.309,0.58,120.705,121.285,-9.100000000000819,156.2,
09/09/2023,AS-8,0+950,119.782,114.309,0.581,120.705,121.286,-9.000000000000341,156.2,
15/09/2023,AS-8,0+950,119.782,114.309,0.581,120.705,121.286,-9.000000000000341,156.2,
24/09/2023,AS-8,0+950,119.782,114.131,0.581,120.706,121.287,-8.899999999999864,156.2,
03/10/2023,AS-8,0+950,119.782,114.069,0.582,120.706,121.288,-8.800000000000807,156.2,
09/10/2023,AS-8,0+950,119.782,114.1,0.581,120.706,121.287,-8.899999999999864,156.2,
16/10/2023,AS-8,0+950,119.782,114.18,0.58,120.706,121.286,-9.000000000000341,156.2,
29/10/2023,AS-8,0+950,119.782,114.254,0.58,120.706,121.286,-9.000000000000341,156.2,
03/11/2023,AS-8,0+950,119.782,114.306,0.58,120.703,121.283,-9.300000000000352,156.2,
10/11/2023,AS-8,0+950,119.782,114.328,0.578,120.703,121.281,-9.499999999999886,156.2,
17/11/2023,AS-8,0+950,119.782,114.328,0.58,120.703,121.283,-9.300000000000352,156.2,
