FECHA,PROGRESIVA,PIEZOMETRO,COTA_RIO_(M.S.N.M),LECTURA_CUERDA_VIBRANTE,TEMPERATURA_(°C),MCA_1_(FACTOR_G),MCA_2_(FACTOR_G_Y_K),COTA_NF,PRECIPITACIONES_(MM)
17/05/2023,0+260 - MD,PE 3,116.109,9001.58,5.0,-0.011218700000007594,0.0035044999999924026,SIN NF,6.5
21/05/2023,0+260 - MD,PE 3,116.109,9001.58,3.9,-0.011218700000007594,0.008565599999992402,SIN NF,
22/05/2023,0+260 - MD,PE 3,116.109,9003.42,4.4,-0.05922430000001139,-0.04174050000001139,SIN NF,
23/05/2023,0+260 - MD,PE 3,115.969,9003.42,4.4,-0.05922430000001139,-0.04174050000001139,SIN NF,
29/05/2023,0+260 - MD,PE 3,115.73,8995.97,4.9,0.1351462000000076,0.15032950000000758,139.9741462,13.8
07/06/2023,0+260 - MD,PE 3,115.647,9000.23,6.0,0.0240028000000019,0.0341250000000019,SIN NF,
14/06/2023,0+260 - MD,PE 3,115.647,8996.67,6.4,0.1168831999999886,0.1251649999999886,139.9558832,
23/06/2023,0+260 - MD,PE 3,115.565,9000.94,6.7,0.005478899999977221,0.012380399999977216,SIN NF,
30/06/2023,0+260 - MD,PE 3,115.354,9000.37,6.7,0.020350199999969627,0.027251699999969622,SIN NF,25.4
08/07/2023,0+260 - MD,PE 3,115.156,8994.4,7.0,0.1761075,0.1816287,140.0151075,
14/07/2023,0+260 - MD,PE 3,115.008,8996.89,7.0,0.1111434000000057,0.1166646000000057,139.9501434,
30/07/2023,0+260 - MD,PE 3,114.831,9000.45,7.1,0.018262999999971528,0.023324099999971527,SIN NF,
15/08/2023,0+260 - MD,PE 3,114.629,8996.89,7.2,0.1111434000000057,0.11574440000000569,139.9501434,
23/08/2023,0+260 - MD,PE 3,114.391,9002.29,7.2,-0.02974260000003227,-0.025141600000032273,SIN NF,3.8
01/09/2023,0+260 - MD,PE 3,114.309,9004.29,7.3,-0.08192260000003226,-0.07778170000003228,SIN NF,
09/09/2023,0+260 - MD,PE 3,114.221,9002.29,7.3,-0.02974260000003227,-0.025601700000032274,SIN NF,
15/09/2023,0+260 - MD,PE 3,114.221,9006.77,7.3,-0.14662580000002087,-0.14248490000002087,SIN NF,
26/09/2023,0+260 - MD,PE 3,114.131,9001.15,7.3,0.0,0.004140899999999998,SIN NF,22.1
01/10/2023,0+260 - MD,PE 3,114.069,9002.07,7.3,-0.0240028000000019,-0.0198619000000019,SIN NF,
09/10/2023,0+260 - MD,PE 3,114.1,9002.29,7.3,-0.02974260000003227,-0.025601700000032274,SIN NF,
16/10/2023,0+260 - MD,PE 3,114.18,8995.97,7.4,0.1351462000000076,0.13882700000000758,139.9741462,0.8
30/10/2023,0+260 - MD,PE 3,114.254,8991.71,7.4,0.24628960000001326,0.24997040000001328,140.0852896,5.6
03/11/2023,0+260 - MD,PE 3,114.306,8998.24,7.4,0.07592189999999621,0.0796026999999962,SIN NF,
10/11/2023,0+260 - MD,PE 3,114.306,9006.34,7.4,-0.13540710000001327,-0.13172630000001329,SIN NF,
17/11/2023,0+260 - MD,PE 3,114.328,9008.34,7.4,-0.18758710000001327,-0.1839063000000133,SIN NF,5.5
17/05/2023,0+260 - MD,PE 4,116.109,8982.71,4.9,-0.06864639999998791,-0.021454399999987904,SIN NF,6.5
21/05/2023,0+260 - MD,PE 4,116.109,8982.92,5.7,-0.0744592000000141,-0.038371200000014094,SIN NF,
22/05/2023,0+260 - MD,PE 4,116.109,8983.84,5.6,-0.09992480000001612,-0.0624488000000161,SIN NF,
23/05/2023,0+260 - MD,PE 4,115.969,8983.84,5.6,-0.09992480000001612,-0.0624488000000161,SIN NF,
29/05/2023,0+260 - MD,PE 4,115.73,8977.33,5.1,0.08027199999998993,0.12468799999998995,139.921272,13.8
07/06/2023,0+260 - MD,PE 4,115.647,8981.58,5.8,-0.037368000000010074,-0.002668000000010057,SIN NF,
14/06/2023,0+260 - MD,PE 4,115.565,8976.9,6.14,0.09217439999999799,0.122155199999998,139.9331744,
23/06/2023,0+260 - MD,PE 4,115.565,8980.93,6.4,-0.01937600000002014,0.0069959999999798655,139.82162399999999,
30/06/2023,0+260 - MD,PE 4,115.354,8985.04,6.5,-0.13314080000003625,-0.10815680000003626,SIN NF,25.4
08/07/2023,0+260 - MD,PE 4,115.156,8973.78,6.6,0.17853599999996977,0.20213199999996984,140.019536,
14/07/2023,0+260 - MD,PE 4,115.008,8975.77,6.7,0.12345279999997584,0.14566079999997586,139.96445279999998,
30/07/2023,0+260 - MD,PE 4,114.831,8979.37,6.8,0.02380479999996576,0.04462479999996578,139.86480479999997,
15/08/2023,0+260 - MD,PE 4,114.629,8975.34,6.9,0.13535519999998388,0.1547871999999839,139.9763552,
23/08/2023,0+260 - MD,PE 4,114.391,8980.72,6.9,-0.013563199999993959,0.005868800000006049,139.82743680000002,3.8
01/09/2023,0+260 - MD,PE 4,114.309,8982.92,7.0,-0.0744592000000141,-0.05641520000001409,SIN NF,
09/09/2023,0+260 - MD,PE 4,114.221,8981.15,7.0,-0.025465600000002014,-0.007421600000002002,SIN NF,
15/09/2023,0+260 - MD,PE 4,114.221,8984.79,7.0,-0.12622080000003624,-0.10817680000003624,SIN NF,
24/09/2023,0+260 - MD,PE 4,114.221,8974.42,7.1,0.16082079999998591,0.17747679999998595,140.0018208,
26/09/2023,0+260 - MD,PE 4,114.131,8980.02,7.1,0.005812799999975832,0.02246879999997585,139.84681279999998,22.1
01/10/2023,0+260 - MD,PE 4,114.069,8980.23,7.2,0.0,0.015268000000000009,139.841,
09/10/2023,0+260 - MD,PE 4,114.1,8980.23,7.1,0.0,0.016656000000000018,139.841,
16/10/2023,0+260 - MD,PE 4,114.18,8974.64,7.2,0.154731200000004,0.16999920000000404,139.99573120000002,0.8
30/10/2023,0+260 - MD,PE 4,114.254,8969.96,7.2,0.28427360000001206,0.29954160000001206,140.1252736,5.6
03/11/2023,0+260 - MD,PE 4,114.306,8978.24,7.2,0.05508319999999396,0.07035119999999397,139.8960832,
10/11/2023,0+260 - MD,PE 4,114.306,8985.19,7.2,-0.13729280000002617,-0.12202480000002616,SIN NF,
17/11/2023,0+260 - MD,PE 4,114.328,8986.96,7.2,-0.18628639999998792,-0.1710183999999879,SIN NF,5.5
17/05/2023,0+260 - MD,PE 5,116.109,8959.65,7.8,-0.0946863999999917,-0.0927187999999917,SIN NF,6.5
21/05/2023,0+260 - MD,PE 5,116.109,8959.01,7.8,-0.07643360000000829,-0.0744660000000083,SIN NF,
22/05/2023,0+260 - MD,PE 5,116.109,8959.65,7.1,-0.0946863999999917,-0.08927549999999171,SIN NF,
23/05/2023,0+260 - MD,PE 5,115.969,8959.65,7.1,-0.0946863999999917,-0.08927549999999171,SIN NF,
29/05/2023,0+260 - MD,PE 5,115.73,8953.86,6.6,0.07044439999998132,0.07831479999998132,139.78844439999997,13.8
07/06/2023,0+260 - MD,PE 5,115.647,8957.4,7.1,-0.030516399999991697,-0.025105499999991697,SIN NF,
14/06/2023,0+260 - MD,PE 5,115.565,8953.38,7.3,0.08413400000002075,0.08856110000002075,139.80213400000002,
23/06/2023,0+260 - MD,PE 5,115.565,8957.88,7.7,-0.04420599999997925,-0.04174649999997925,SIN NF,
30/06/2023,0+260 - MD,PE 5,115.354,8959.89,7.7,-0.10153119999998547,-0.09907169999998548,SIN NF,25.4
08/07/2023,0+260 - MD,PE 5,115.156,8951.83,8.0,0.12834,0.1293238,139.84634,
14/07/2023,0+260 - MD,PE 5,115.008,8953.38,8.1,0.08413400000002075,0.08462590000002074,139.80213400000002,
30/07/2023,0+260 - MD,PE 5,114.831,8957.88,8.3,-0.04420599999997925,-0.04469789999997926,SIN NF,
15/08/2023,0+260 - MD,PE 5,114.629,8955.42,8.4,0.02595319999999585,0.024969399999995843,139.7439532,
23/08/2023,0+260 - MD,PE 5,114.391,8959.44,8.4,-0.0886972000000166,-0.08968100000001661,SIN NF,3.8
01/09/2023,0+260 - MD,PE 5,114.309,8961.69,8.4,-0.15286720000001658,-0.15385100000001659,SIN NF,
09/09/2023,0+260 - MD,PE 5,114.221,8958.53,8.5,-0.06274400000002074,-0.06421970000002075,SIN NF,
15/09/2023,0+260 - MD,PE 5,114.221,8962.55,8.5,-0.17739439999998133,-0.17887009999998132,SIN NF,
23/09/2023,0+260 - MD,PE 5,114.221,8953.65,8.5,0.07643360000000829,0.07495790000000829,139.7944336,
26/09/2023,0+260 - MD,PE 5,114.131,8957.88,8.5,-0.04420599999997925,-0.045681699999979244,SIN NF,22.1
01/10/2023,0+260 - MD,PE 5,114.069,8958.53,8.5,-0.06274400000002074,-0.06421970000002075,SIN NF,
09/10/2023,0+260 - MD,PE 5,114.1,8959.01,8.5,-0.07643360000000829,-0.0779093000000083,SIN NF,
16/10/2023,0+260 - MD,PE 5,114.18,8954.08,8.5,0.06417,0.06269430000000001,139.78216999999998,0.8
30/10/2023,0+260 - MD,PE 5,114.254,8955.2,8.6,0.03222759999997717,0.030259999999977177,139.75022759999996,5.6
03/11/2023,0+260 - MD,PE 5,114.306,8955.85,8.5,0.01368959999998755,0.012213899999987546,139.73168959999998,
10/11/2023,0+260 - MD,PE 5,114.306,8962.77,8.5,-0.1836688000000145,-0.18514450000001453,SIN NF,
17/11/2023,0+260 - MD,PE 5,114.328,8965.45,8.5,-0.2601024000000228,-0.26157810000002285,SIN NF,5.5
24/07/2023,0+260 - MD,PE 6,115.008,8416.67,11.8,12.350845899999985,12.321842899999986,125.57584589999998,
30/07/2023,0+260 - MD,PE 6,114.831,8579.11,11.9,7.982834299999972,7.952570299999971,121.20783429999997,
15/08/2023,0+260 - MD,PE 6,114.629,8537.6,11.9,9.099038199999978,9.068774199999977,122.32403819999998,
23/08/2023,0+260 - MD,PE 6,114.391,8561.15,11.9,8.465778699999998,8.435514699999997,121.6907787,3.8
01/09/2023,0+260 - MD,PE 6,114.309,8562.15,11.9,8.438888699999996,8.408624699999995,121.66388869999999,
09/09/2023,0+260 - MD,PE 6,114.221,8568.42,11.9,8.270288399999986,8.240024399999985,121.49528839999998,
15/09/2023,0+260 - MD,PE 6,114.221,8568.02,11.9,8.281044399999976,8.250780399999975,121.50604439999996,
24/09/2023,0+260 - MD,PE 6,114.221,8570.93,11.9,8.20279449999998,8.17253049999998,121.42779449999998,
26/09/2023,0+260 - MD,PE 6,114.131,8569.97,11.9,8.228608900000005,8.198344900000004,121.4536089,22.1
01/10/2023,0+260 - MD,PE 6,114.069,8572.63,11.9,8.15708150000001,8.126817500000008,121.3820815,
09/10/2023,0+260 - MD,PE 6,114.1,8571.58,11.9,8.18531599999999,8.155051999999989,121.41031599999998,
16/10/2023,0+260 - MD,PE 6,114.18,8572.63,11.9,8.15708150000001,8.126817500000008,121.3820815,0.8
30/10/2023,0+260 - MD,PE 6,114.254,8564.46,11.9,8.376772800000012,8.346508800000011,121.6017728,5.6
03/11/2023,0+260 - MD,PE 6,114.306,8574.69,11.9,8.101688099999974,8.071424099999973,121.32668809999997,
10/11/2023,0+260 - MD,PE 6,114.306,8579.11,11.9,7.982834299999972,7.952570299999971,121.20783429999997,
17/11/2023,0+260 - MD,PE 6,114.328,8578.06,11.9,8.011068800000002,7.9808048000000005,121.2360688,5.5
15/07/2023,0+260 - MD,PE 7,115.008,8811.34,12.2,2.5560499999999804,2.5226709999999803,126.50804999999998,
23/07/2023,0+260 - MD,PE 7,115.008,8810.92,12.2,2.5674949999999823,2.5341159999999823,126.51949499999998,
30/07/2023,0+260 - MD,PE 7,114.831,8821.81,12.2,2.270742499999998,2.237363499999998,126.2227425,
15/08/2023,0+260 - MD,PE 7,114.629,8816.36,12.3,2.4192549999999686,2.3847249999999685,126.37125499999996,
23/08/2023,0+260 - MD,PE 7,114.391,8822.7,12.2,2.2464899999999646,2.2131109999999645,126.19848999999996,3.8
01/09/2023,0+260 - MD,PE 7,114.309,8824.64,12.3,2.193625,2.159095,126.145625,
09/09/2023,0+260 - MD,PE 7,114.221,8822.7,12.3,2.2464899999999646,2.2119599999999644,126.19848999999996,
15/09/2023,0+260 - MD,PE 7,114.221,8826.42,12.3,2.145119999999982,2.1105899999999824,126.09711999999998,
24/09/2023,0+260 - MD,PE 7,114.221,8816.15,12.3,2.424977499999994,2.3904474999999943,126.3769775,
26/09/2023,0+260 - MD,PE 7,114.131,8820.0,12.2,2.3200649999999845,2.2866859999999845,126.27206499999998,22.1
01/10/2023,0+260 - MD,PE 7,114.069,8822.02,12.3,2.2650199999999723,2.2304899999999726,126.21701999999998,
09/10/2023,0+260 - MD,PE 7,114.1,8822.23,12.3,2.259297499999996,2.224767499999996,126.2112975,
16/10/2023,0+260 - MD,PE 7,114.18,8817.46,12.3,2.389280000000008,2.3547500000000077,126.34128000000001,0.8
30/10/2023,0+260 - MD,PE 7,114.254,8814.84,12.3,2.46067499999998,2.4261449999999805,126.41267499999998,5.6
03/11/2023,0+260 - MD,PE 7,114.306,8821.6,12.3,2.276464999999974,2.2419349999999745,126.22846499999997,
10/11/2023,0+260 - MD,PE 7,114.306,8829.46,12.2,2.062280000000008,2.028901000000008,126.01428,
17/11/2023,0+260 - MD,PE 7,114.328,8831.41,12.2,2.0091424999999883,1.975763499999988,125.96114249999998,5.5
12/07/2023,0+260 - MD,PE 8,115.008,8638.88,11.7,7.764450800000035,7.701795600000034,133.75845080000005,
23/07/2023,0+260 - MD,PE 8,115.008,8640.35,11.7,7.722967400000001,7.660312200000001,133.7169674,
30/07/2023,0+260 - MD,PE 8,114.831,8661.78,11.8,7.118212799999993,7.054636199999993,133.11221279999998,
15/08/2023,0+260 - MD,PE 8,114.629,8650.32,11.8,7.44161400000002,7.378037400000021,133.43561400000002,
23/08/2023,0+260 - MD,PE 8,114.391,8651.59,11.8,7.405774600000008,7.342198000000008,133.3997746,3.8
01/09/2023,0+260 - MD,PE 8,114.309,8659.23,11.8,7.190173800000024,7.126597200000025,133.18417380000002,
09/09/2023,0+260 - MD,PE 8,114.221,8659.89,11.8,7.171548600000029,7.107972000000029,133.16554860000002,
15/09/2023,0+260 - MD,PE 8,114.221,8663.71,11.8,7.0637482000000364,7.000171600000036,133.05774820000005,
01/10/2023,0+260 - MD,PE 8,114.069,8663.71,11.8,7.0637482000000364,7.000171600000036,133.05774820000005,22.1
09/10/2023,0+260 - MD,PE 8,114.1,8663.92,11.8,7.05782200000001,6.994245400000009,133.05182200000002,
16/10/2023,0+260 - MD,PE 8,114.18,8663.92,11.8,7.05782200000001,6.994245400000009,133.05182200000002,0.8
30/10/2023,0+260 - MD,PE 8,114.254,8666.67,11.8,6.980217000000009,6.91664040000001,132.974217,5.6
03/11/2023,0+260 - MD,PE 8,114.306,8670.09,11.9,6.883704600000009,6.819206600000008,132.87770460000002,
10/11/2023,0+260 - MD,PE 8,114.306,8671.98,11.8,6.8303688000000236,6.766792200000024,132.82436880000003,
17/11/2023,0+260 - MD,PE 8,114.328,8672.44,11.8,6.817387599999996,6.753810999999997,132.8113876,5.5
